연번,행정동,관리번호,설치장소(도로명주소),설치장소(지번주소),위도,경도,관리단체,데이터기준일자
1,화곡1동,화곡1-01,서울특별시 강서구 화곡로26가길 28,서울특별시 강서구 화곡동 1074-4,37.54058582,126.83847512,한국의류자원순환 사회적협동조합 강서지사,2024-04-18
2,화곡1동,화곡1-02,서울특별시 강서구 화곡로24길 28,서울특별시 강서구 화곡동 1081-31,37.53974623,126.83851110,한국의류자원순환 사회적협동조합 강서지사,2024-04-18
3,화곡1동,화곡1-03,서울특별시 강서구 강서로31길 33,서울특별시 강서구 화곡동 1078-9,37.53947239,126.83967826,한국의류자원순환 사회적협동조합 강서지사,2024-04-18
4,화곡1동,화곡1-04,서울특별시 강서구 강서로31길 33,서울특별시 강서구 화곡동 1078-9,37.53947239,126.83967826,한국의류자원순환 사회적협동조합 강서지사,2024-04-18
5,화곡1동,화곡1-05,서울특별시 강서구 강서로31길 27,서울특별시 강서구 화곡동 1078-16,37.53961258,126.84001277,한국의류자원순환 사회적협동조합 강서지사,2024-04-18
6,화곡1동,화곡1-06,서울특별시 강서구 강서로31길 27,서울특별시 강서구 화곡동 1078-16,37.53961258,126.84001277,한국의류자원순환 사회적협동조합 강서지사,2024-04-18
7,화곡1동,화곡1-07,서울특별시 강서구 강서로31길 28-28,서울특별시 강서구 화곡동 1079-35,37.54040274,126.83966846,한국의류자원순환 사회적협동조합 강서지사,2024-04-18
8,화곡1동,화곡1-08,서울특별시 강서구 가로공원로89길 21,서울특별시 강서구 화곡동 400-72,37.53891883,126.84029146,한국의류자원순환 사회적협동조합 강서지사,2024-04-18
9,화곡1동,화곡1-09,서울특별시 강서구 가로공원로 219-11,서울특별시 강서구 화곡동 400-81,37.53828792,126.83987054,한국의류자원순환 사회적협동조합 강서지사,2024-04-18
10,화곡1동,화곡1-10,서울특별시 강서구 가로공원로222-1,서울특별시 강서구 화곡동 367-4,37.53757543,126.84068434,한국의류자원순환 사회적협동조합 강서지사,2024-04-18
11,화곡1동,화곡1-11,서울특별시 강서구 가로공원로 240,서울특별시 강서구 화곡동 367-63,37.53828455,126.84238299,한국의류자원순환 사회적협동조합 강서지사,2024-04-18
12,화곡1동,화곡1-12,서울특별시 강서구 가로공원로 231,서울특별시 강서구 화곡동 400-43,37.53839957,126.84128216,한국의류자원순환 사회적협동조합 강서지사,2024-04-18
13,화곡1동,화곡1-13,서울특별시 강서구 화곡로24길 74,서울특별시 강서구 화곡동 379-12,37.53789107,126.83963254,한국의류자원순환 사회적협동조합 강서지사,2024-04-18
14,화곡1동,화곡1-14,서울특별시 강서구 가로공원로77길 9,서울특별시 강서구 화곡동 379-52,37.53780653,126.83744130,한국의류자원순환 사회적협동조합 강서지사,2024-04-18
15,화곡1동,화곡1-15,서울특별시 강서구 월정로30가길 12,서울특별시 강서구 화곡동 373-48,37.53458461,126.83689096,한국의류자원순환 사회적협동조합 강서지사,2024-04-18
16,화곡1동,화곡1-16,서울특별시 강서구 화곡로14길 19,서울특별시 강서구 화곡동 1087,37.53838061,126.83494481,한국의류자원순환 사회적협동조합 강서지사,2024-04-18
17,화곡1동,화곡1-17,서울특별시 강서구 화곡로18길 44,서울특별시 강서구 화곡동 1087-17,37.53834912,126.83620376,한국의류자원순환 사회적협동조합 강서지사,2024-04-18
18,화곡1동,화곡1-18,서울특별시 강서구 월정로30가길 12,서울특별시 강서구 화곡동 373-48,37.53458461,126.83689096,한국의류자원순환 사회적협동조합 강서지사,2024-04-18
19,화곡1동,화곡1-19,서울특별시 강서구 월정로28길 4,서울특별시 강서구 화곡동 360-1,37.53287233,126.83700409,한국의류자원순환 사회적협동조합 강서지사,2024-04-18
20,화곡1동,화곡1-20,서울특별시 강서구 강서로17라길 7-34,서울특별시 강서구 화곡동 354-86,37.53288510,126.83995111,한국의류자원순환 사회적협동조합 강서지사,2024-04-18
21,화곡1동,화곡1-21,서울특별시 강서구 강서로17다길 15,서울특별시 강서구 화곡동 354-30,37.53322275,126.84206282,한국의류자원순환 사회적협동조합 강서지사,2024-04-18
22,화곡1동,화곡1-22,서울특별시 강서구 강서로17다길 15,서울특별시 강서구 화곡동 354-30,37.53322275,126.84206282,한국의류자원순환 사회적협동조합 강서지사,2024-04-18
23,화곡1동,화곡1-23,서울특별시 강서구 강서로17나길 37,서울특별시 강서구 화곡동 353-16,37.53417385,126.84301392,한국의류자원순환 사회적협동조합 강서지사,2024-04-18
24,화곡1동,화곡1-24,서울특별시 강서구 가로공원로82길 78,서울특별시 강서구 화곡동 366-112,37.53412961,126.84119029,한국의류자원순환 사회적협동조합 강서지사,2024-04-18
25,화곡1동,화곡1-25,서울특별시 강서구 가로공원로80가길 34,서울특별시 강서구 화곡동 366-90,37.53465147,126.84132835,한국의류자원순환 사회적협동조합 강서지사,2024-04-18
26,화곡1동,화곡1-26,서울특별시 강서구 가로공원로82길 43,서울특별시 강서구 화곡동 369-10,37.53553488,126.84057407,한국의류자원순환 사회적협동조합 강서지사,2024-04-18
27,화곡1동,화곡1-27,서울특별시 강서구 가로공원로82길 33,서울특별시 강서구 화곡동 369-20,37.53599852,126.84029826,한국의류자원순환 사회적협동조합 강서지사,2024-04-18
28,화곡1동,화곡1-28,서울특별시 강서구 가로공원로82길 41-15,서울특별시 강서구 화곡동 369-13,37.53603364,126.84048317,한국의류자원순환 사회적협동조합 강서지사,2024-04-18
29,화곡1동,화곡1-29,서울특별시 강서구 가로공원로80길 27,서울특별시 강서구 화곡동 369-73,37.53613158,126.83948571,한국의류자원순환 사회적협동조합 강서지사,2024-04-18
30,화곡1동,화곡1-30,서울특별시 강서구 가로공원로80길 27,서울특별시 강서구 화곡동 369-73,37.53613158,126.83948571,한국의류자원순환 사회적협동조합 강서지사,2024-04-18
31,화곡1동,화곡1-31,서울특별시 강서구 월정로30길 114,서울특별시 강서구 화곡동 352-1,37.53585188,126.84200365,한국의류자원순환 사회적협동조합 강서지사,2024-04-18
32,화곡1동,화곡1-32,서울특별시 강서구 가로공원로84길 59,서울특별시 강서구 화곡동 352-46,37.53507391,126.84169924,한국의류자원순환 사회적협동조합 강서지사,2024-04-18
33,화곡1동,화곡1-33,서울특별시 강서구 강서로17가길 55,서울특별시 강서구 화곡동 351-41,37.53524479,126.84329079,한국의류자원순환 사회적협동조합 강서지사,2024-04-18
34,화곡1동,화곡1-34,서울특별시 강서구 강서로17가길 70,서울특별시 강서구 화곡동 351-14,37.53591986,126.84298084,한국의류자원순환 사회적협동조합 강서지사,2024-04-18
35,화곡1동,화곡1-35,서울특별시 강서구 강서로17가길 18-16,서울특별시 강서구 화곡동 382-11,37.53405516,126.84462506,한국의류자원순환 사회적협동조합 강서지사,2024-04-18
36,화곡1동,화곡1-36,서울특별시 강서구 강서로17가길 16,서울특별시 강서구 화곡동 350-33,37.53375882,126.84448301,한국의류자원순환 사회적협동조합 강서지사,2024-04-18
37,화곡1동,화곡1-37,서울특별시 강서구 강서로17가길 16-10,서울특별시 강서구 화곡동 350-63,37.53387934,126.84487083,한국의류자원순환 사회적협동조합 강서지사,2024-04-18
38,화곡1동,화곡1-38,서울특별시 강서구 강서로15길 47,서울특별시 강서구 화곡동 346-121,37.53209015,126.84344956,한국의류자원순환 사회적협동조합 강서지사,2024-04-18
39,화곡1동,화곡1-39,서울특별시 강서구 곰달래로19나길 15-23,서울특별시 강서구 화곡동 346-91,37.53172990,126.84308930,한국의류자원순환 사회적협동조합 강서지사,2024-04-18
40,화곡1동,화곡1-40,서울특별시 강서구 곰달래로19나길 17,서울특별시 강서구 화곡동 346-80,37.53088476,126.84335931,한국의류자원순환 사회적협동조합 강서지사,2024-04-18
41,화곡1동,화곡1-41,서울특별시 강서구 곰달래로19나길 21-22,서울특별시 강서구 화곡동 346-72,37.53172142,126.84375694,한국의류자원순환 사회적협동조합 강서지사,2024-04-18
42,화곡1동,화곡1-42,서울특별시 강서구 곰달래로21길18-14,서울특별시 강서구 화곡동 346-41,37.53142301,126.84465157,한국의류자원순환 사회적협동조합 강서지사,2024-04-18
43,화곡1동,화곡1-43,서울특별시 강서구 강서로15길 26,서울특별시 강서구 화곡동 348-33,37.53235900,126.84453841,한국의류자원순환 사회적협동조합 강서지사,2024-04-18
44,화곡1동,화곡1-44,서울특별시 강서구 곰달래로19나길 43-32,서울특별시 강서구 화곡동 346-9,37.53229267,126.84493566,한국의류자원순환 사회적협동조합 강서지사,2024-04-18
45,화곡1동,화곡1-45,서울특별시 강서구 강서로13길 25,서울특별시 강서구 화곡동 343-13,37.53177052,126.84540321,한국의류자원순환 사회적협동조합 강서지사,2024-04-18
46,화곡1동,화곡1-46,서울특별시 강서구 곰달래로 113,서울특별시 강서구 화곡동 343-21,37.53064711,126.84556992,한국의류자원순환 사회적협동조합 강서지사,2024-04-18
47,화곡1동,화곡1-47,서울특별시 강서구 가로공원로76가길 87,서울특별시 강서구 화곡동 351-88,37.53473046,126.84339336,한국의류자원순환 사회적협동조합 강서지사,2024-04-18
48,화곡1동,화곡1-48,서울특별시 강서구 강서로15길 101,서울특별시 강서구 화곡동 424-210,37.53189905,126.84035689,한국의류자원순환 사회적협동조합 강서지사,2024-04-18
49,화곡1동,화곡1-49,서울특별시 강서구 곰달래로19가길 16-26,서울특별시 강서구 화곡동 424-5,37.53179573,126.84151021,한국의류자원순환 사회적협동조합 강서지사,2024-04-18
50,화곡1동,화곡1-50,서울특별시 강서구 곰달래로17길 6,서울특별시 강서구 화곡동 425-1,37.53052249,126.84115268,한국의류자원순환 사회적협동조합 강서지사,2024-04-18
51,화곡1동,화곡1-51,서울특별시 강서구 월정로18길 35,서울특별시 강서구 화곡동 922-9,37.52943481,126.84089059,한국의류자원순환 사회적협동조합 강서지사,2024-04-18
52,화곡1동,화곡1-52,서울특별시 강서구 강서로7길 144,서울특별시 강서구 화곡동 936-6,37.52885350,126.83976910,한국의류자원순환 사회적협동조합 강서지사,2024-04-18
53,화곡1동,화곡1-53,서울특별시 강서구 강서로7길 82,서울특별시 강서구 화곡동 916-32,37.52939176,126.84325722,한국의류자원순환 사회적협동조합 강서지사,2024-04-18
54,화곡1동,화곡1-54,서울특별시 강서구 월정로20길 96,서울특별시 강서구 화곡동 917-4,37.52984941,126.84403293,한국의류자원순환 사회적협동조합 강서지사,2024-04-18
55,화곡1동,화곡1-55,서울특별시 강서구 강서로7길 52-3,서울특별시 강서구 화곡동 918-15,37.52952304,126.84462259,한국의류자원순환 사회적협동조합 강서지사,2024-04-18
56,화곡1동,화곡1-56,서울특별시 강서구 강서로7길 52-12,서울특별시 강서구 화곡동 900-47,37.52995961,126.84492794,한국의류자원순환 사회적협동조합 강서지사,2024-04-18
57,화곡1동,화곡1-57,서울특별시 강서구 강서로7길 52-12,서울특별시 강서구 화곡동 900-47,37.52995961,126.84492794,한국의류자원순환 사회적협동조합 강서지사,2024-04-18
58,화곡1동,화곡1-58,서울특별시 강서구 강서로7길 20-10,서울특별시 강서구 화곡동 899-14,37.53001166,126.84663220,한국의류자원순환 사회적협동조합 강서지사,2024-04-18
59,화곡1동,화곡1-59,서울특별시 강서구 강서로5가길 12,서울특별시 강서구 화곡동 903-12,37.52926286,126.84741470,한국의류자원순환 사회적협동조합 강서지사,2024-04-18
60,화곡1동,화곡1-60,서울특별시 강서구 국회대로 107,서울특별시 강서구 화곡동 908-5,37.52798801,126.84683738,한국의류자원순환 사회적협동조합 강서지사,2024-04-18
61,화곡1동,화곡1-61,서울특별시 강서구 월정로14길 56,서울특별시 강서구 화곡동 911-12,37.52751508,126.84326692,한국의류자원순환 사회적협동조합 강서지사,2024-04-18
62,화곡1동,화곡1-62,서울특별시 강서구 곰달래로15길 28,서울특별시 강서구 화곡동 424-94,37.53142042,126.83987369,한국의류자원순환 사회적협동조합 강서지사,2024-04-18
63,화곡1동,화곡1-63,서울특별시 강서구 강서로29길 37,서울특별시 강서구 화곡동 400-69,37.53895034,126.83987343,한국의류자원순환 사회적협동조합 강서지사,2024-04-18
64,화곡1동,화곡1-64,서울특별시 강서구 월정로24길 10,서울특별시 강서구 화곡동 355-28,37.53079172,126.83856458,한국의류자원순환 사회적협동조합 강서지사,2024-04-18
65,화곡1동,화곡1-65,,서울특별시 강서구 화곡동355-12,37.53148628,126.83881960,한국의류자원순환 사회적협동조합 강서지사,2024-04-18
66,화곡1동,화곡1-66,,서울특별시 강서구 화곡동662-16,37.53405170,126.83830553,한국의류자원순환 사회적협동조합 강서지사,2024-04-18
67,화곡1동,화곡1-67,,서울특별시 강서구 화곡동372-26,37.53517184,126.83600751,한국의류자원순환 사회적협동조합 강서지사,2024-04-18
68,화곡1동,화곡1-68,서울특별시 강서구 가로공원로84길26,서울특별시 강서구 화곡동 1171,37.53652600,126.84043500,한국의류자원순환 사회적협동조합 강서지사,2024-04-18
69,화곡2동,화곡2-01,서울특별시 강서구 강서로5라길 89,서울특별시 강서구 화곡동 883-5,37.52993451,126.85334940,한국의류자원순환 사회적협동조합 강서지사,2024-04-18
70,화곡2동,화곡2-02,서울특별시 강서구 강서로5라길 133,서울특별시 강서구 화곡동 851-14,37.53026679,126.85568159,한국의류자원순환 사회적협동조합 강서지사,2024-04-18
71,화곡2동,화곡2-03,서울특별시 강서구 곰달래로44길 25,서울특별시 강서구 화곡동 846-26,37.53031227,126.85670244,한국의류자원순환 사회적협동조합 강서지사,2024-04-18
72,화곡2동,화곡2-04,서울특별시 강서구 강서로5라길 160,서울특별시 강서구 화곡동 845-11,37.53023786,126.85723681,한국의류자원순환 사회적협동조합 강서지사,2024-04-18
73,화곡2동,화곡2-05,서울특별시 강서구 국회대로 171,서울특별시 강서구 화곡동 885-2,37.52889245,126.85403431,한국의류자원순환 사회적협동조합 강서지사,2024-04-18
74,화곡2동,화곡2-06,서울특별시 강서구 국회대로7길 143,서울특별시 강서구 화곡동 886-2,37.52907063,126.85291643,한국의류자원순환 사회적협동조합 강서지사,2024-04-18
75,화곡2동,화곡2-07,서울특별시 강서구 국회대로7길 157,서울특별시 강서구 화곡동 1143,37.52893360,126.85212782,한국의류자원순환 사회적협동조합 강서지사,2024-04-18
76,화곡2동,화곡2-08,서울특별시 강서구 강서로10길 138,서울특별시 강서구 화곡동 850-17,37.53083615,126.85547391,한국의류자원순환 사회적협동조합 강서지사,2024-04-18
77,화곡2동,화곡2-09,서울특별시 강서구 강서로10길 104,서울특별시 강서구 화곡동 875-1,37.53065221,126.85360809,한국의류자원순환 사회적협동조합 강서지사,2024-04-18
78,화곡2동,화곡2-10,서울특별시 강서구 곰달래로31가길 37,서울특별시 강서구 화곡동 869-39,37.53221670,126.85338826,한국의류자원순환 사회적협동조합 강서지사,2024-04-18
79,화곡2동,화곡2-11,서울특별시 강서구 곰달래로45길 26,서울특별시 강서구 화곡동 867-17,37.53355822,126.85618744,한국의류자원순환 사회적협동조합 강서지사,2024-04-18
80,화곡2동,화곡2-12,서울특별시 강서구 곰달래로47길 92,서울특별시 강서구 화곡동 463-4,37.53527365,126.85509684,한국의류자원순환 사회적협동조합 강서지사,2024-04-18
81,화곡2동,화곡2-13,서울특별시 강서구 등촌로13아길 88,서울특별시 강서구 화곡동 459-5,37.53559543,126.85453446,한국의류자원순환 사회적협동조합 강서지사,2024-04-18
82,화곡2동,화곡2-14,서울특별시 강서구 곰달래로47길 116,서울특별시 강서구 화곡동 462-1,37.53612211,126.85428418,한국의류자원순환 사회적협동조합 강서지사,2024-04-18
83,화곡2동,화곡2-15,서울특별시 강서구 곰달래로47길 129,서울특별시 강서구 화곡동 460-10,37.53641909,126.85363201,한국의류자원순환 사회적협동조합 강서지사,2024-04-18
84,화곡2동,화곡2-16,서울특별시 강서구 곰달래로35길 117,서울특별시 강서구 화곡동 160-1,37.53601664,126.85307081,한국의류자원순환 사회적협동조합 강서지사,2024-04-18
85,화곡2동,화곡2-17,서울특별시 강서구 곰달래로35길 108,서울특별시 강서구 화곡동 460-2,37.53604675,126.85359325,한국의류자원순환 사회적협동조합 강서지사,2024-04-18
86,화곡2동,화곡2-18,서울특별시 강서구 곰달래로35길 86,서울특별시 강서구 화곡동 457-2,37.53496424,126.85392200,한국의류자원순환 사회적협동조합 강서지사,2024-04-18
87,화곡2동,화곡2-19,서울특별시 강서구 곰달래로31마길 39,서울특별시 강서구 화곡동 161-9,37.53457882,126.85336372,한국의류자원순환 사회적협동조합 강서지사,2024-04-18
88,화곡2동,화곡2-20,서울특별시 강서구 곰달래로31마길 24,서울특별시 강서구 화곡동 455-1,37.53429375,126.85249977,한국의류자원순환 사회적협동조합 강서지사,2024-04-18
89,화곡2동,화곡2-21,서울특별시 강서구 곰달래로31마길 7,서울특별시 강서구 화곡동 163-26,37.53447564,126.85161645,한국의류자원순환 사회적협동조합 강서지사,2024-04-18
90,화곡2동,화곡2-22,서울특별시 강서구 곰달래로31라길 34,서울특별시 강서구 화곡동 454-2,37.53384380,126.85301420,한국의류자원순환 사회적협동조합 강서지사,2024-04-18
91,화곡2동,화곡2-23,서울특별시 강서구 곰달래로31마길 42-4,서울특별시 강서구 화곡동 455-24,37.53426264,126.85341593,한국의류자원순환 사회적협동조합 강서지사,2024-04-18
92,화곡2동,화곡2-24,서울특별시 강서구 곰달래로35길 42,서울특별시 강서구 화곡동 870-51,37.53303372,126.85396458,한국의류자원순환 사회적협동조합 강서지사,2024-04-18
93,화곡2동,화곡2-25,서울특별시 강서구 곰달래로35길 40-1,서울특별시 강서구 화곡동 870-50,37.53290166,126.85390962,한국의류자원순환 사회적협동조합 강서지사,2024-04-18
94,화곡2동,화곡2-26,서울특별시 강서구 곰달래로31다길 31,서울특별시 강서구 화곡동 454-5,37.53359893,126.85302882,한국의류자원순환 사회적협동조합 강서지사,2024-04-18
95,화곡2동,화곡2-27,서울특별시 강서구 곰달래로33길 43,서울특별시 강서구 화곡동 451-18,37.53287764,126.85162528,한국의류자원순환 사회적협동조합 강서지사,2024-04-18
96,화곡2동,화곡2-28,서울특별시 강서구 곰달래로31길 88,서울특별시 강서구 화곡동 163-8,37.53483656,126.85124271,한국의류자원순환 사회적협동조합 강서지사,2024-04-18
97,화곡2동,화곡2-29,서울특별시 강서구 강서로18아길 34,서울특별시 강서구 화곡동 167-1,37.53650237,126.85177593,한국의류자원순환 사회적협동조합 강서지사,2024-04-18
98,화곡2동,화곡2-30,서울특별시 강서구 곰달래로35길 135,서울특별시 강서구 화곡동 167-44,37.53636440,126.85211337,한국의류자원순환 사회적협동조합 강서지사,2024-04-18
99,화곡2동,화곡2-31,서울특별시 강서구 강서로18아길 26-14,서울특별시 강서구 화곡동 166-26,37.53588216,126.85216750,한국의류자원순환 사회적협동조합 강서지사,2024-04-18
100,화곡2동,화곡2-32,서울특별시 강서구 강서로18아길 26-23,서울특별시 강서구 화곡동 167-9,37.53591448,126.85271992,한국의류자원순환 사회적협동조합 강서지사,2024-04-18
101,화곡2동,화곡2-33,서울특별시 강서구 강서로18길 129-6,서울특별시 강서구 화곡동 160-22,37.53550110,126.85293967,한국의류자원순환 사회적협동조합 강서지사,2024-04-18
102,화곡2동,화곡2-34,서울특별시 강서구 강서로18길 121,서울특별시 강서구 화곡동 164-6,37.53528021,126.85217514,한국의류자원순환 사회적협동조합 강서지사,2024-04-18
103,화곡2동,화곡2-35,서울특별시 강서구 강서로18길 117,서울특별시 강서구 화곡동 164-52,37.53531693,126.85199891,한국의류자원순환 사회적협동조합 강서지사,2024-04-18
104,화곡2동,화곡2-36,서울특별시 강서구 곰달래로32길 19,서울특별시 강서구 화곡동 883-9,37.53020475,126.85337376,한국의류자원순환 사회적협동조합 강서지사,2024-04-18
105,화곡2동,화곡2-37,서울특별시 강서구 곰달래로31가길 73,서울특별시 강서구 화곡동 864-48,37.53248780,126.85542434,한국의류자원순환 사회적협동조합 강서지사,2024-04-18
106,화곡2동,화곡2-38,서울특별시 강서구 곰달래로47길 38,서울특별시 강서구 화곡동 832-21,37.53331917,126.85714155,한국의류자원순환 사회적협동조합 강서지사,2024-04-18
107,화곡2동,화곡2-39,서울특별시 강서구 곰달래로47길 79,서울특별시 강서구 화곡동 458-17,37.53469561,126.85542403,한국의류자원순환 사회적협동조합 강서지사,2024-04-18
108,화곡2동,화곡2-40,서울특별시 강서구 곰달래로35길 64,서울특별시 강서구 화곡동 456-18,37.53396363,126.85395665,한국의류자원순환 사회적협동조합 강서지사,2024-04-18
109,화곡2동,화곡2-41,서울특별시 강서구 곰달래로33길 26,서울특별시 강서구 화곡동 869-41,37.53210950,126.85188520,한국의류자원순환 사회적협동조합 강서지사,2024-04-18
110,화곡2동,화곡2-42,서울특별시 강서구 곰달래로31가길 27,서울특별시 강서구 화곡동 869-42,37.53207171,126.85235786,한국의류자원순환 사회적협동조합 강서지사,2024-04-18
111,화곡2동,화곡2-43,서울특별시 강서로12길72,서울특별시 강서구 화곡동 159-15,37.53207149,126.85096445,한국의류자원순환 사회적협동조합 강서지사,2024-04-18
112,화곡2동,화곡2-44,서울특별시 강서구 곰달래로45길 39,서울특별시 강서구 화곡동 868-4,37.53391913,126.85542881,한국의류자원순환 사회적협동조합 강서지사,2024-04-18
113,화곡2동,화곡2-45,서울특별시 강서구 곰달래로33가길 22,서울특별시 강서구 화곡동 871-16,37.53137360,126.85306905,한국의류자원순환 사회적협동조합 강서지사,2024-04-18
114,화곡3동,화곡3-01,서울특별시 강서구 강서로33가길 13-5,서울특별시 강서구 화곡동 1050-15,37.54234323,126.83854929,한국의류자원순환 사회적협동조합 강서지사,2024-04-18
115,화곡3동,화곡3-02,서울특별시 강서구 강서로33가길 32,서울특별시 강서구 화곡동 1032-12,37.54315614,126.83824089,한국의류자원순환 사회적협동조합 강서지사,2024-04-18
116,화곡3동,화곡3-03,서울특별시 강서구 화곡로19길 38,서울특별시 강서구 화곡동 1036-31,37.54282044,126.83602821,한국의류자원순환 사회적협동조합 강서지사,2024-04-18
117,화곡3동,화곡3-04,서울특별시 강서구 강서로33길 78,서울특별시 강서구 화곡동 1045-60,37.54110340,126.83563639,한국의류자원순환 사회적협동조합 강서지사,2024-04-18
118,화곡3동,화곡3-05,서울특별시 강서구 강서로33길 94,서울특별시 강서구 화곡동 1044-30,37.54088201,126.83471673,한국의류자원순환 사회적협동조합 강서지사,2024-04-18
119,화곡3동,화곡3-06,서울특별시 강서구 강서로33길 101,서울특별시 강서구 화곡동 1068-3,37.54045425,126.83435695,한국의류자원순환 사회적협동조합 강서지사,2024-04-18
120,화곡3동,화곡3-07,서울특별시 강서구 화곡로15길 48,서울특별시 강서구 화곡동 1046-4,37.54206754,126.83477691,한국의류자원순환 사회적협동조합 강서지사,2024-04-18
121,화곡3동,화곡3-08,서울특별시 강서구 강서로35길 97,서울특별시 강서구 화곡동 1041-1,37.54230191,126.83351055,한국의류자원순환 사회적협동조합 강서지사,2024-04-18
122,화곡3동,화곡3-09,서울특별시 강서구 강서로35길 90,서울특별시 강서구 화곡동 1040-21,37.54253994,126.83382198,한국의류자원순환 사회적협동조합 강서지사,2024-04-18
123,화곡3동,화곡3-10,서울특별시 강서구 화곡로15길 56,서울특별시 강서구 화곡동 1046,37.54244406,126.83490508,한국의류자원순환 사회적협동조합 강서지사,2024-04-18
124,화곡3동,화곡3-11,서울특별시 강서구 화곡로13길 66-29,서울특별시 강서구 화곡동 1039-29,37.54311824,126.83378789,한국의류자원순환 사회적협동조합 강서지사,2024-04-18
125,화곡3동,화곡3-12,서울특별시 강서구 화곡로13길 66-5,서울특별시 강서구 화곡동 1039-39,37.54301962,126.83311393,한국의류자원순환 사회적협동조합 강서지사,2024-04-18
126,화곡3동,화곡3-13,서울특별시 강서구 화곡로13길 92,서울특별시 강서구 화곡동 1017-2,37.54405137,126.83306105,한국의류자원순환 사회적협동조합 강서지사,2024-04-18
127,화곡3동,화곡3-14,서울특별시 강서구 강서로45다길 62-23,서울특별시 강서구 화곡동 1015-7,37.54499411,126.83384641,한국의류자원순환 사회적협동조합 강서지사,2024-04-18
128,화곡3동,화곡3-15,서울특별시 강서구 강서로45다길 62-17,서울특별시 강서구 화곡동 1015-12,37.54512784,126.83405138,한국의류자원순환 사회적협동조합 강서지사,2024-04-18
129,화곡3동,화곡3-16,서울특별시 강서구 강서로45다길 59,서울특별시 강서구 화곡동 1014-9,37.54525658,126.83520078,한국의류자원순환 사회적협동조합 강서지사,2024-04-18
130,화곡3동,화곡3-17,서울특별시 강서구 강서로45가길 44,서울특별시 강서구 화곡동 1014-35,37.54594433,126.83546870,한국의류자원순환 사회적협동조합 강서지사,2024-04-18
131,화곡3동,화곡3-18,서울특별시 강서구 강서로45가길 58,서울특별시 강서구 화곡동 1014-23,37.54533606,126.83572781,한국의류자원순환 사회적협동조합 강서지사,2024-04-18
132,화곡3동,화곡3-19,서울특별시 강서구 화곡로13길 153,서울특별시 강서구 화곡동 1014-18,37.54487973,126.83548801,한국의류자원순환 사회적협동조합 강서지사,2024-04-18
133,화곡3동,화곡3-20,서울특별시 강서구 강서로45다길 71,서울특별시 강서구 화곡동 1019,37.54466973,126.83517910,한국의류자원순환 사회적협동조합 강서지사,2024-04-18
134,화곡3동,화곡3-21,서울특별시 강서구 강서로45다길 82,서울특별시 강서구 화곡동 1017-32,37.54426664,126.83473811,한국의류자원순환 사회적협동조합 강서지사,2024-04-18
135,화곡3동,화곡3-22,서울특별시 강서구 강서로43길 18,서울특별시 강서구 화곡동 1007-25,37.54713506,126.83506391,한국의류자원순환 사회적협동조합 강서지사,2024-04-18
136,화곡3동,화곡3-23,서울특별시 강서구 강서로43길 28,서울특별시 강서구 화곡동 1009-8,37.54723980,126.83464600,한국의류자원순환 사회적협동조합 강서지사,2024-04-18
137,화곡3동,화곡3-24,서울특별시 강서구 강서로45다길 12-27,서울특별시 강서구 화곡동 1009,37.54726259,126.83329243,한국의류자원순환 사회적협동조합 강서지사,2024-04-18
138,화곡3동,화곡3-25,서울특별시 강서구 강서로45다길 30-10,서울특별시 강서구 화곡동 1010-11,37.54666223,126.83436437,한국의류자원순환 사회적협동조합 강서지사,2024-04-18
139,화곡3동,화곡3-26,서울특별시 강서구 화곡로13나길 10-16,서울특별시 강서구 화곡동 1042-12,37.54144813,126.83371035,한국의류자원순환 사회적협동조합 강서지사,2024-04-18
140,화곡8동,화곡8-01,서울특별시 강서구 국회대로7길 204,서울특별시 강서구 화곡동 891-18,37.52896780,126.84945951,한국의류자원순환 사회적협동조합 강서지사,2024-04-18
141,화곡8동,화곡8-02,서울특별시 강서구 곰달래로26길 31,서울특별시 강서구 화곡동 891-21,37.52926884,126.84940233,한국의류자원순환 사회적협동조합 강서지사,2024-04-18
142,화곡8동,화곡8-03,서울특별시 강서구 강서로5라길 39,서울특별시 강서구 화곡동 892-55,37.52955781,126.85048037,한국의류자원순환 사회적협동조합 강서지사,2024-04-18
143,화곡8동,화곡8-04,서울특별시 강서구 강서로5라길 51,서울특별시 강서구 화곡동 879-8,37.52966509,126.85124427,한국의류자원순환 사회적협동조합 강서지사,2024-04-18
144,화곡8동,화곡8-05,서울특별시 강서구 곰달래로30길 14,서울특별시 강서구 화곡동 878-3,37.53021655,126.85142826,한국의류자원순환 사회적협동조합 강서지사,2024-04-18
145,화곡8동,화곡8-06,서울특별시 강서구 강서로10길 31,서울특별시 강서구 화곡동 896-10,37.53043897,126.84954819,한국의류자원순환 사회적협동조합 강서지사,2024-04-18
146,화곡8동,화곡8-07,서울특별시 강서구 곰달래로26길 16,서울특별시 강서구 화곡동 894-4,37.52994237,126.84907210,한국의류자원순환 사회적협동조합 강서지사,2024-04-18
147,화곡8동,화곡8-08,서울특별시 강서구 강서로8길 5,서울특별시 강서구 화곡동 894-14,37.52992091,126.84835860,한국의류자원순환 사회적협동조합 강서지사,2024-04-18
148,화곡8동,화곡8-09,서울특별시 강서구 강서로10길 19,서울특별시 강서구 화곡동 897-4,37.53038483,126.84891768,한국의류자원순환 사회적협동조합 강서지사,2024-04-18
149,화곡8동,화곡8-10,,서울특별시 강서구 화곡동391-49,37.53100356,126.84941211,한국의류자원순환 사회적협동조합 강서지사,2024-04-18
150,화곡8동,화곡8-11,서울특별시 강서구 곰달래로25길 20,서울특별시 강서구 화곡동 391-37,37.53166955,126.84919013,한국의류자원순환 사회적협동조합 강서지사,2024-04-18
151,화곡8동,화곡8-12,서울특별시 강서구 강서로12길 32,서울특별시 강서구 화곡동 342-7,37.53182527,126.84871181,한국의류자원순환 사회적협동조합 강서지사,2024-04-18
152,화곡8동,화곡8-13,서울특별시 강서구 강서로12길 23-9,서울특별시 강서구 화곡동 341-36,37.53218762,126.84791820,한국의류자원순환 사회적협동조합 강서지사,2024-04-18
153,화곡8동,화곡8-14,서울특별시 강서구 강서로12길 29-12,서울특별시 강서구 화곡동 341-81,37.53246890,126.84846918,한국의류자원순환 사회적협동조합 강서지사,2024-04-18
154,화곡8동,화곡8-15,서울특별시 강서구 곰달래로25길 34,서울특별시 강서구 화곡동 392-60,37.53231952,126.84904004,한국의류자원순환 사회적협동조합 강서지사,2024-04-18
155,화곡8동,화곡8-16,서울특별시 강서구 곰달래로25길 52,서울특별시 강서구 화곡동 392-71,37.53297452,126.84866672,한국의류자원순환 사회적협동조합 강서지사,2024-04-18
156,화곡8동,화곡8-17,서울특별시 강서구 강서로16길 44-55,서울특별시 강서구 화곡동 392-47,37.53256227,126.84954879,한국의류자원순환 사회적협동조합 강서지사,2024-04-18
157,화곡8동,화곡8-18,서울특별시 강서구 강서로16길 52,서울특별시 강서구 화곡동 392-2,37.53339091,126.84904309,한국의류자원순환 사회적협동조합 강서지사,2024-04-18
158,화곡8동,화곡8-19,,서울특별시 강서구 화곡동157-1,37.53421860,126.85101973,한국의류자원순환 사회적협동조합 강서지사,2024-04-18
159,화곡8동,화곡8-20,,서울특별시 강서구 화곡동157-1,37.53421860,126.85101973,한국의류자원순환 사회적협동조합 강서지사,2024-04-18
160,화곡8동,화곡8-21,서울특별시 강서구 강서로20길 14,서울특별시 강서구 화곡동 338-29,37.53416444,126.84557624,한국의류자원순환 사회적협동조합 강서지사,2024-04-18
161,화곡8동,화곡8-22,서울특별시 강서구 강서로18바길 25,서울특별시 강서구 화곡동 399-6,37.53613924,126.84940402,한국의류자원순환 사회적협동조합 강서지사,2024-04-18
162,화곡8동,화곡8-23,서울특별시 강서구 강서로18길 71,서울특별시 강서구 화곡동 396-41,37.53493462,126.84941809,한국의류자원순환 사회적협동조합 강서지사,2024-04-18
163,화곡8동,화곡8-24,서울특별시 강서구 강서로18아길 15-12,서울특별시 강서구 화곡동 154-11,37.53621326,126.85079158,한국의류자원순환 사회적협동조합 강서지사,2024-04-18
164,화곡8동,화곡8-25,서울특별시 강서구 강서로18아길 14,서울특별시 강서구 화곡동 164-20,37.53567089,126.85124693,한국의류자원순환 사회적협동조합 강서지사,2024-04-18
165,화곡8동,화곡8-26,서울특별시 강서구 강서로18길 99,서울특별시 강서구 화곡동 155-33,37.53528921,126.85094888,한국의류자원순환 사회적협동조합 강서지사,2024-04-18
166,화곡8동,화곡8-27,서울특별시 강서구 강서로18길 91,서울특별시 강서구 화곡동 155-30,37.53522634,126.85053355,한국의류자원순환 사회적협동조합 강서지사,2024-04-18
167,화곡8동,화곡8-28,서울특별시 강서구 강서로18길 61-6,서울특별시 강서구 화곡동 397-17,37.53493627,126.84895081,한국의류자원순환 사회적협동조합 강서지사,2024-04-18
168,화곡8동,화곡8-29,서울특별시 강서구 강서로18나길 22,서울특별시 강서구 화곡동 339-8,37.53507358,126.84698808,한국의류자원순환 사회적협동조합 강서지사,2024-04-18
169,화곡8동,화곡8-30,서울특별시 강서구 강서로20길 39,서울특별시 강서구 화곡동 338-45,37.53468848,126.84649003,한국의류자원순환 사회적협동조합 강서지사,2024-04-18
170,화곡8동,화곡8-31,서울특별시 강서구 강서로18가길 37,서울특별시 강서구 화곡동 337-14,37.53544558,126.84606385,한국의류자원순환 사회적협동조합 강서지사,2024-04-18
171,화곡8동,화곡8-32,서울특별시 강서구 초록마을로37길 7,서울특별시 강서구 화곡동 407-14,37.53527990,126.84552653,한국의류자원순환 사회적협동조합 강서지사,2024-04-18
172,화곡8동,화곡8-33,서울특별시 강서구 초록마을로 172,서울특별시 강서구 화곡동 407-8,37.53587222,126.84566527,한국의류자원순환 사회적협동조합 강서지사,2024-04-18
173,화곡8동,화곡8-34,서울특별시 강서구 초록마을로 162,서울특별시 강서구 화곡동 680-16,37.53623508,126.84672468,한국의류자원순환 사회적협동조합 강서지사,2024-04-18
174,화곡8동,화곡8-35,서울특별시 강서구 초록마을로 147,서울특별시 강서구 화곡동 330-26,37.53657464,126.84823538,한국의류자원순환 사회적협동조합 강서지사,2024-04-18
175,화곡8동,화곡8-36,서울특별시 강서구 초록마을로 137-1,서울특별시 강서구 화곡동 152-21,37.53694485,126.84921435,한국의류자원순환 사회적협동조합 강서지사,2024-04-18
176,화곡8동,화곡8-37,서울특별시 강서구 초록마을로 128,서울특별시 강서구 화곡동 410-7,37.53751602,126.85008658,한국의류자원순환 사회적협동조합 강서지사,2024-04-18
177,화곡8동,화곡8-38,서울특별시 강서구 초록마을로 114,서울특별시 강서구 화곡동 410-144,37.53832538,126.85136228,한국의류자원순환 사회적협동조합 강서지사,2024-04-18
178,화곡8동,화곡8-39,서울특별시 강서구 초록마을로24길 7-4,서울특별시 강서구 화곡동 56-112,37.53866093,126.85108892,한국의류자원순환 사회적협동조합 강서지사,2024-04-18
179,화곡8동,화곡8-40,서울특별시 강서구 초록마을로24길 7-15,서울특별시 강서구 화곡동 410-130,37.53827696,126.85054330,한국의류자원순환 사회적협동조합 강서지사,2024-04-18
180,화곡8동,화곡8-41,서울특별시 강서구 초록마을로32길 7-6,서울특별시 강서구 화곡동 409-149,37.53701403,126.84758435,한국의류자원순환 사회적협동조합 강서지사,2024-04-18
181,화곡8동,화곡8-42,서울특별시 강서구 초록마을로22길 69,서울특별시 강서구 화곡동 410-247,37.53863848,126.84796258,한국의류자원순환 사회적협동조합 강서지사,2024-04-18
182,화곡8동,화곡8-43,서울특별시 강서구 초록마을로32길 33,서울특별시 강서구 화곡동 409-249,37.53804154,126.84724848,한국의류자원순환 사회적협동조합 강서지사,2024-04-18
183,화곡8동,화곡8-44,서울특별시 강서구 초록마을로32길 29-17,서울특별시 강서구 화곡동 410-75,37.53749730,126.84658938,한국의류자원순환 사회적협동조합 강서지사,2024-04-18
184,화곡8동,화곡8-45,서울특별시 강서구 곰달래로26길 2,서울특별시 강서구 화곡동 897-1,37.53053823,126.84903005,한국의류자원순환 사회적협동조합 강서지사,2024-04-18
185,화곡8동,미지정,서울특별시 강서구 초록마을로28길 15-8,서울특별시 강서구 화곡동 410-54,37.53791867,126.84915650,한국의류자원순환 사회적협동조합 강서지사,2024-04-18
186,염창동,염창-01,서울특별시 강서구 공항대로81길 15,서울특별시 강서구 염창동 282-7,37.54787653,126.87639553,(사)열린정보장애인협회,2024-04-18
187,염창동,염창-02,서울특별시 강서구 공항대로81길 15,서울특별시 강서구 염창동 282-7,37.54787653,126.87639553,(사)열린정보장애인협회,2024-04-18
188,염창동,염창-03,서울특별시 강서구 양천로77길 21,서울특별시 강서구 염창동 257-2,37.55028400,126.87682057,(사)열린정보장애인협회,2024-04-18
189,염창동,염창-04,서울특별시 강서구 양천로75길 22-2,서울특별시 강서구 염창동 253,37.55061070,126.87536788,(사)열린정보장애인협회,2024-04-18
190,염창동,염창-05,서울특별시 강서구 양천로73가길 48,서울특별시 강서구 염창동 250-5,37.55021740,126.87492765,(사)열린정보장애인협회,2024-04-18
191,염창동,염창-06,서울특별시 강서구 양천로75길 40,서울특별시 강서구 염창동 113-1,37.55142905,126.87542039,(사)열린정보장애인협회,2024-04-18
192,염창동,염창-07,서울특별시 강서구 양천로73길 63,서울특별시 강서구 염창동 97-33,37.55295824,126.87416879,(사)열린정보장애인협회,2024-04-18
193,염창동,염창-08,서울특별시 강서구 양천로65길 32,서울특별시 강서구 염창동 242-40,37.55587014,126.86690447,(사)열린정보장애인협회,2024-04-18
194,염창동,염창-09,서울특별시 강서구 양천로 603-31,서울특별시 강서구 염창동 241-6,37.55601082,126.86590387,(사)열린정보장애인협회,2024-04-18
195,염창동,염창-10,서울특별시 강서구 공항대로61길 10-15,서울특별시 강서구 염창동 273-32,37.55144385,126.86630112,(사)열린정보장애인협회,2024-04-18
196,염창동,염창-11,서울특별시 강서구 공항대로61길 48-26,서울특별시 강서구 염창동 271-9,37.55226818,126.86758615,(사)열린정보장애인협회,2024-04-18
197,염창동,염창-12,서울특별시 강서구 공항대로65가길 57,서울특별시 강서구 염창동 267-16,37.55207592,126.86848188,(사)열린정보장애인협회,2024-04-18
198,염창동,염창-13,서울특별시 강서구 공항대로65가길 45,서울특별시 강서구 염창동 267-6,37.55174177,126.86908067,(사)열린정보장애인협회,2024-04-18
199,염창동,염창-14,서울특별시 강서구 공항대로65가길 21,서울특별시 강서구 염창동 266-1,37.55118777,126.87024488,(사)열린정보장애인협회,2024-04-18
200,염창동,염창-15,서울특별시 강서구 공항대로65가길 11,서울특별시 강서구 염창동 266-5,37.55086113,126.87071418,(사)열린정보장애인협회,2024-04-18
201,염창동,염창-16,서울특별시 강서구 공항대로65길 71,서울특별시 강서구 염창동 266-7,37.55064412,126.87091180,(사)열린정보장애인협회,2024-04-18
202,염창동,염창-17,서울특별시 강서구 공항대로65가길 31,서울특별시 강서구 염창동 267-10,37.55127513,126.86963589,(사)열린정보장애인협회,2024-04-18
203,염창동,염창-18,서울특별시 강서구 공항대로65길 1-11,서울특별시 강서구 염창동 272-6,37.55062319,126.86722772,(사)열린정보장애인협회,2024-04-18
204,염창동,염창-19,서울특별시 강서구 공항대로65길 39,서울특별시 강서구 염창동 272-26,37.55030601,126.86930295,(사)열린정보장애인협회,2024-04-18
205,염창동,염창-20,서울특별시 강서구 공항대로67길 29-12,서울특별시 강서구 염창동 276-12,37.54993101,126.86962793,(사)열린정보장애인협회,2024-04-18
206,염창동,염창-21,서울특별시 강서구 공항대로59다길 179,서울특별시 강서구 염창동 264-19,37.54963395,126.87193621,(사)열린정보장애인협회,2024-04-18
207,등촌1동,등1-01,서울특별시 강서구 화곡로64길 12,서울특별시 강서구 등촌동 656-21,37.55716624,126.85396061,(사)열린정보장애인협회,2024-04-18
208,등촌1동,등1-02,서울특별시 강서구 화곡로64길 28,서울특별시 강서구 등촌동 656-36,37.55690803,126.85470457,(사)열린정보장애인협회,2024-04-18
209,등촌1동,등1-03,서울특별시 강서구 공항대로45길 33,서울특별시 강서구 등촌동 656-37,37.55677584,126.85498233,(사)열린정보장애인협회,2024-04-18
210,등촌1동,등1-04,서울특별시 강서구 공항대로45길 33,서울특별시 강서구 등촌동 656-37,37.55677584,126.85498233,(사)열린정보장애인협회,2024-04-18
211,등촌1동,등1-05,서울특별시 강서구 화곡로64길 85,서울특별시 강서구 등촌동 642-9,37.55582256,126.85785042,(사)열린정보장애인협회,2024-04-18
212,등촌1동,등1-06,서울특별시 강서구 공항대로49길 5-17,서울특별시 강서구 등촌동 654-17,37.55530342,126.85719160,(사)열린정보장애인협회,2024-04-18
213,등촌1동,등1-07,서울특별시 강서구 공항대로51길 16,서울특별시 강서구 등촌동 653-1,37.55496584,126.85758824,(사)열린정보장애인협회,2024-04-18
214,등촌1동,등1-08,서울특별시 강서구 공항대로51길 10-13,서울특별시 강서구 등촌동 653-2,37.55518674,126.85801210,(사)열린정보장애인협회,2024-04-18
215,등촌1동,등1-09,서울특별시 강서구 양천로60길 41-18,서울특별시 강서구 등촌동 637-17,37.55648578,126.85905413,(사)열린정보장애인협회,2024-04-18
216,등촌1동,등1-10,서울특별시 강서구 양천로62길 35-12,서울특별시 강서구 등촌동 636-10,37.55592411,126.86065366,(사)열린정보장애인협회,2024-04-18
217,등촌1동,등1-11,서울특별시 강서구 공항대로59다길 10,서울특별시 강서구 등촌동 647-3,37.55337891,126.86408338,(사)열린정보장애인협회,2024-04-18
218,등촌1동,등1-12,서울특별시 강서구 양천로66길 21,서울특별시 강서구 등촌동 633-17,37.55408781,126.86517578,(사)열린정보장애인협회,2024-04-18
219,등촌1동,등1-13,서울특별시 강서구 공항대로59다길 33,서울특별시 강서구 등촌동 633-43,37.55311785,126.86530609,(사)열린정보장애인협회,2024-04-18
220,등촌1동,등1-14,서울특별시 강서구 공항대로59가길 14,서울특별시 강서구 등촌동 648-5,37.55176617,126.86458775,(사)열린정보장애인협회,2024-04-18
221,등촌1동,등1-15,서울특별시 강서구 공항대로57길 21,서울특별시 강서구 등촌동 646-52,37.55289757,126.86273324,(사)열린정보장애인협회,2024-04-18
222,등촌1동,등1-16,서울특별시 강서구 공항대로59길 27,서울특별시 강서구 등촌동 646-35,37.55283834,126.86356242,(사)열린정보장애인협회,2024-04-18
223,등촌1동,등1-17,서울특별시 강서구 공항대로59나길 11,서울특별시 강서구 등촌동 647-17,37.55277573,126.86442511,(사)열린정보장애인협회,2024-04-18
224,등촌1동,등1-18,서울특별시 강서구 공항대로59가길 7-10,서울특별시 강서구 등촌동 647-58,37.55241680,126.86476108,(사)열린정보장애인협회,2024-04-18
225,등촌1동,등1-19,서울특별시 강서구 공항대로59나길 36,서울특별시 강서구 등촌동 647-78,37.55209342,126.86546625,(사)열린정보장애인협회,2024-04-18
226,등촌1동,등1-20,서울특별시 강서구 화곡로66길 118,서울특별시 강서구 등촌동 643-9,37.55546786,126.85937339,(사)열린정보장애인협회,2024-04-18
227,등촌1동,등1-21,서울특별시 강서구 등촌로13길 24,서울특별시 강서구 등촌동 572-18,37.53562522,126.86194212,(사)열린정보장애인협회,2024-04-18
228,등촌1동,등1-22,서울특별시 강서구 공항대로53가길 22,서울특별시 강서구 등촌동 722,37.55476730,126.85848100,(사)열린정보장애인협회,2024-04-18
229,등촌1동,등1-23,서울특별시 강서구 화곡로64길 78,서울특별시 강서구 등촌동 654-7,37.55582906,126.85712055,(사)열린정보장애인협회,2024-04-18
230,등촌1동,등1-24,서울특별시 강서구 화곡로64길 70,서울특별시 강서구 등촌동 654-1,37.55597510,126.85680791,(사)열린정보장애인협회,2024-04-18
231,등촌1동,등1-25,서울특별시 강서구 화곡로66길 99,서울특별시 강서구 등촌동 637-18,37.55623519,126.85880845,(사)열린정보장애인협회,2024-04-18
232,등촌1동,등1-26,서울특별시 강서구 화곡로66길 132,서울특별시 강서구 등촌동 643-21,37.55521782,126.86020387,(사)열린정보장애인협회,2024-04-18
233,등촌1동,등1-27,서울특별시 강서구 화곡로66길 149,서울특별시 강서구 등촌동 636-45,37.55499062,126.86121662,(사)열린정보장애인협회,2024-04-18
234,등촌1동,등1-28,서울특별시 강서구 공항대로55길 26,서울특별시 강서구 등촌동 645-5,37.55413049,126.86134463,(사)열린정보장애인협회,2024-04-18
235,등촌1동,등1-29,서울특별시 강서구 화곡로68길 91,서울특별시 강서구 등촌동 630-7,37.55758946,126.85909393,(사)열린정보장애인협회,2024-04-18
236,등촌1동,등1-30,서울특별시 강서구 공항대로55길 9-9,서울특별시 강서구 등촌동 651-7,37.55375073,126.86027847,(사)열린정보장애인협회,2024-04-18
237,등촌1동,등1-31,서울특별시 강서구 공항대로53길 27,서울특별시 강서구 등촌동 643-32,37.55477618,126.86014516,(사)열린정보장애인협회,2024-04-18
238,등촌1동,등1-32,서울특별시 강서구 공항대로53가길 8,서울특별시 강서구 등촌동 643-67,37.55436546,126.85942831,(사)열린정보장애인협회,2024-04-18
239,등촌1동,등1-33,서울특별시 강서구 화곡로66길 161,서울특별시 강서구 등촌동 635-4,37.55481085,126.86174264,(사)열린정보장애인협회,2024-04-18
240,등촌1동,등1-34,서울특별시 강서구 화곡로66길 174-5,서울특별시 강서구 등촌동 6456-42,37.55398816,126.86236377,(사)열린정보장애인협회,2024-04-18
241,등촌1동,등1-35,서울특별시 강서구 화곡로66길 186-12,서울특별시 강서구 등촌동 645-28,37.55377657,126.86240954,(사)열린정보장애인협회,2024-04-18
242,등촌1동,등1-36,서울특별시 강서구 화곡로66길 185,서울특별시 강서구 등촌동 635-12,37.55419020,126.86293887,(사)열린정보장애인협회,2024-04-18
243,등촌1동,등1-37,서울특별시 강서구 화곡로66길 186-8,서울특별시 강서구 등촌동 645-39,37.55374486,126.86256872,(사)열린정보장애인협회,2024-04-18
244,등촌1동,등1-38,서울특별시 강서구 등촌로 201-7,서울특별시 강서구 등촌동 511-9,37.54769069,126.86256252,(사)열린정보장애인협회,2024-04-18
245,등촌1동,등1-39,서울특별시 강서구 공항대로55길 4,서울특별시 강서구 등촌동 650-4,37.55332737,126.86083074,(사)열린정보장애인협회,2024-04-18
246,등촌1동,등1-40,서울특별시 강서구 화곡로68길 30,서울특별시 강서구 등촌동 639-30,37.55868443,126.85587206,(사)열린정보장애인협회,2024-04-18
247,등촌1동,등1-41,서울특별시 강서구 양천로62길 14,서울특별시 강서구 등촌동 630-10,37.55718390,126.86066897,(사)열린정보장애인협회,2024-04-18
248,등촌1동,등1-42,서울특별시 강서구 화곡로68길 127,서울특별시 강서구 등촌동 631-2,37.55674735,126.86081034,(사)열린정보장애인협회,2024-04-18
249,등촌1동,등1-43,서울특별시 강서구 화곡로68길 127,서울특별시 강서구 등촌동 631-2,37.55674735,126.86081034,(사)열린정보장애인협회,2024-04-18
250,등촌1동,등1-44,서울특별시 강서구 화곡로66길 145-15,서울특별시 강서구 등촌동 636-30,37.55545612,126.86156920,(사)열린정보장애인협회,2024-04-18
251,등촌1동,등1-45,서울특별시 강서구 양천로62길 38,서울특별시 강서구 등촌동 637-26,37.55637694,126.85996075,(사)열린정보장애인협회,2024-04-18
252,등촌2동,등2-01,서울특별시 강서구 등촌로39가길 27,서울특별시 강서구 등촌동 514-44,37.54523239,126.85926079,(사)열린정보장애인협회,2024-04-18
253,등촌2동,등2-02,서울특별시 강서구 등촌로39가길 43,서울특별시 강서구 등촌동 515-39,37.54487782,126.85878834,(사)열린정보장애인협회,2024-04-18
254,등촌2동,등2-03,서울특별시 강서구 등촌로39마길 44,서울특별시 강서구 등촌동 518-28,37.54646340,126.85766337,(사)열린정보장애인협회,2024-04-18
255,등촌2동,등2-04,서울특별시 강서구 등촌로39길 63-41,서울특별시 강서구 등촌동 518-30,37.54667648,126.85751167,(사)열린정보장애인협회,2024-04-18
256,등촌2동,등2-05,서울특별시 강서구 등촌로39길 64-8,서울특별시 강서구 등촌동 521-37,37.54733157,126.86020094,(사)열린정보장애인협회,2024-04-18
257,등촌2동,등2-06,서울특별시 강서구 등촌로39길 64-18,서울특별시 강서구 등촌동 521-6,37.54751239,126.86065472,(사)열린정보장애인협회,2024-04-18
258,등촌2동,등2-07,서울특별시 강서구 등촌로51가길 60,서울특별시 강서구 등촌동 524-22,37.54628404,126.86170984,(사)열린정보장애인협회,2024-04-18
259,등촌2동,등2-08,서울특별시 강서구 등촌로39다길 6,서울특별시 강서구 등촌동 517-5,37.54627160,126.86002243,(사)열린정보장애인협회,2024-04-18
260,등촌2동,등2-09,서울특별시 강서구 등촌로 51가길 50,서울특별시 강서구 등촌동 523-28,37.54670002,126.86192826,(사)열린정보장애인협회,2024-04-18
261,등촌2동,등2-10,서울특별시 강서구 등촌로51라길 17,서울특별시 강서구 등촌동 366-56,37.54872623,126.86158017,(사)열린정보장애인협회,2024-04-18
262,등촌2동,등2-11,서울특별시 강서구 등촌로55길 11-13,서울특별시 강서구 등촌동 507-24,37.54982467,126.86316120,(사)열린정보장애인협회,2024-04-18
263,등촌2동,등2-12,서울특별시 강서구 공항대로58길 20,서울특별시 강서구 등촌동 533-8,37.55096859,126.86246913,(사)열린정보장애인협회,2024-04-18
264,등촌2동,등2-13,서울특별시 강서구 등촌로57길 21,서울특별시 강서구 등촌동 506-1,37.55106476,126.86281389,(사)열린정보장애인협회,2024-04-18
265,등촌2동,등2-14,서울특별시 강서구 공항대로58길 40,서울특별시 강서구 등촌동 532-5,37.55004177,126.86219392,(사)열린정보장애인협회,2024-04-18
266,등촌2동,등2-15,서울특별시 강서구 등촌로 53길 39 뒤,서울특별시 강서구 등촌동 676 뒤,37.54963390,126.86035800,(사)열린정보장애인협회,2024-04-18
267,등촌2동,등2-16,서울특별시 강서구 등촌로 53길 39 앞,서울특별시 강서구 등촌동 676 앞,37.54963390,126.86035800,(사)열린정보장애인협회,2024-04-18
268,등촌2동,등2-17,서울특별시 강서구 공항대로58가길 73,서울특별시 강서구 등촌동 530-26,37.55017594,126.85937722,(사)열린정보장애인협회,2024-04-18
269,등촌2동,등2-18,서울특별시 강서구 등촌로53길 54,서울특별시 강서구 등촌동 530-19,37.54994600,126.86050964,(사)열린정보장애인협회,2024-04-18
270,등촌2동,등2-19,서울특별시 강서구 등촌로51길 80,서울특별시 강서구 등촌동 529-39,37.54978589,126.85907003,(사)열린정보장애인협회,2024-04-18
271,등촌2동,등2-20,서울특별시 강서구 등촌로51길 103,서울특별시 강서구 등촌동 365-174,37.54974567,126.85760643,(사)열린정보장애인협회,2024-04-18
272,등촌2동,등2-21,서울특별시 강서구 등촌로51길 114,서울특별시 강서구 등촌동 365-146,37.55023894,126.85774061,(사)열린정보장애인협회,2024-04-18
273,등촌2동,등2-22,서울특별시 강서구 공항대로58나길 40-45,서울특별시 강서구 등촌동 365-92,37.55076305,126.85766380,(사)열린정보장애인협회,2024-04-18
274,등촌2동,등2-23,서울특별시 강서구 공항대로58나길 81,서울특별시 강서구 등촌동 365-95,37.55051113,126.85766563,(사)열린정보장애인협회,2024-04-18
275,등촌2동,등2-24,서울특별시 강서구 공항대로58나길 64,서울특별시 강서구 등촌동 365-103,37.55082643,126.85866905,(사)열린정보장애인협회,2024-04-18
276,등촌2동,등2-25,서울특별시 강서구 공항대로58다길 52,서울특별시 강서구 등촌동 365-223,37.55061544,126.85921830,(사)열린정보장애인협회,2024-04-18
277,등촌2동,등2-26,서울특별시 강서구 공항대로58다길 35,서울특별시 강서구 등촌동 365-35,37.55059684,126.86009503,(사)열린정보장애인협회,2024-04-18
278,등촌2동,등2-27,서울특별시 강서구 공항대로53나길 23,서울특별시 강서구 등촌동 643-48,37.55471621,126.85934141,(사)열린정보장애인협회,2024-04-18
279,등촌2동,등2-28,서울특별시 강서구 공항대로58나길 10-11,서울특별시 강서구 등촌동 365-233,37.55140233,126.86131856,(사)열린정보장애인협회,2024-04-18
280,등촌2동,등2-29,서울특별시 강서구 공항대로58가길 20,서울특별시 강서구 등촌동 533-66,37.55099904,126.86200747,(사)열린정보장애인협회,2024-04-18
281,등촌2동,등2-30,서울특별시 강서구 등촌로55길 58,서울특별시 강서구 등촌동 530-17,37.54994883,126.86084517,(사)열린정보장애인협회,2024-04-18
282,등촌2동,등2-31,서울특별시 강서구 등촌로55길 33-3,서울특별시 강서구 등촌동 532-17,37.55017800,126.86196021,(사)열린정보장애인협회,2024-04-18
283,등촌2동,등2-32,서울특별시 강서구 등촌로47길 15,서울특별시 강서구 등촌동 523-1,37.54687174,126.86176884,(사)열린정보장애인협회,2024-04-18
284,등촌2동,등2-33,서울특별시 강서구 등촌로35길 138,서울특별시 강서구 등촌동 568-12,37.53694032,126.86263882,(사)열린정보장애인협회,2024-04-18
285,등촌2동,등2-34,서울특별시 강서구 등촌로39마길 4,서울특별시 강서구 등촌동 519-2,37.54677871,126.85973587,(사)열린정보장애인협회,2024-04-18
286,등촌2동,등2-35,서울특별시 강서구 등촌로39마길 42,서울특별시 강서구 등촌동 518-8,37.54645126,126.85783246,(사)열린정보장애인협회,2024-04-18
287,등촌2동,등2-36,서울특별시 강서구 등촌로39길 64-14,서울특별시 강서구 등촌동 521-10,37.54744754,126.86051294,(사)열린정보장애인협회,2024-04-18
288,등촌2동,등2-37,서울특별시 강서구 등촌로35길 115,서울특별시 강서구 등촌동 565-20,37.53792206,126.86295236,(사)열린정보장애인협회,2024-04-18
289,등촌2동,등2-38,서울특별시 강서구 등촌로 201-7,서울특별시 강서구 등촌동 511-9,37.54769069,126.86256252,(사)열린정보장애인협회,2024-04-18
290,등촌2동,등2-39,서울특별시 강서구 등촌로51길 90,서울특별시 강서구 등촌동 366-152,37.54993481,126.85837378,(사)열린정보장애인협회,2024-04-18
291,화곡4동,화4-01,서울특별시 강서구 강서로10길 196,서울특별시 강서구 화곡동 841-5,37.53118166,126.85881281,(사)열린정보장애인협회,2024-04-18
292,화곡4동,화4-02,서울특별시 강서구 곰달래로58길 7-8,서울특별시 강서구 화곡동 780-15,37.53165704,126.86240753,(사)열린정보장애인협회,2024-04-18
293,화곡4동,화4-03,서울특별시 강서구 강서로8길 203,서울특별시 강서구 화곡동 792-9,37.53110572,126.85942242,(사)열린정보장애인협회,2024-04-18
294,화곡4동,화4-04,서울특별시 강서구 등촌로3나길 23,서울특별시 강서구 화곡동 787-48,37.53024132,126.86173008,(사)열린정보장애인협회,2024-04-18
295,화곡4동,화4-05,서울특별시 강서구 곰달래로59길 11,서울특별시 강서구 화곡동 777-2,37.53293077,126.86286046,(사)열린정보장애인협회,2024-04-18
296,화곡4동,화4-06,서울특별시 강서구 곰달래로58길 42,서울특별시 강서구 화곡동 787-49,37.53027145,126.86191896,(사)열린정보장애인협회,2024-04-18
297,화곡4동,화4-07,서울특별시 강서구 등촌로3가길 24,서울특별시 강서구 화곡동 784-11,37.53032359,126.86251305,(사)열린정보장애인협회,2024-04-18
298,화곡4동,화4-08,서울특별시 강서구 국회대로 249-1,서울특별시 강서구 화곡동 785-3,37.53003951,126.86266901,(사)열린정보장애인협회,2024-04-18
299,화곡4동,화4-09,서울특별시 강서구 곰달래로60길 28,서울특별시 강서구 화곡동 783-2,37.53097701,126.86298894,(사)열린정보장애인협회,2024-04-18
300,화곡4동,화4-10,서울특별시 강서구 곰달래로60길 28,서울특별시 강서구 화곡동 783-2,37.53097701,126.86298894,(사)열린정보장애인협회,2024-04-18
301,화곡4동,화4-11,서울특별시 강서구 곰달래로58길 7-12,서울특별시 강서구 화곡동 780-16,37.53170708,126.86258823,(사)열린정보장애인협회,2024-04-18
302,화곡4동,화4-12,서울특별시 강서구 곰달래로 257,서울특별시 강서구 화곡동 797-20,37.53226667,126.86156987,(사)열린정보장애인협회,2024-04-18
303,화곡4동,화4-13,서울특별시 강서구 곰달래로57길 26,서울특별시 강서구 화곡동 804-7,37.53342153,126.86199812,(사)열린정보장애인협회,2024-04-18
304,화곡4동,화4-14,서울특별시 강서구 등촌로5길 18-17,서울특별시 강서구 화곡동 805-8,37.53404665,126.86215830,(사)열린정보장애인협회,2024-04-18
305,화곡4동,화4-15,서울특별시 강서구 등촌로5길 18-39,서울특별시 강서구 화곡동 805-26,37.53500230,126.86212057,(사)열린정보장애인협회,2024-04-18
306,화곡4동,화4-16,서울특별시 강서구 곰달래로57길 60,서울특별시 강서구 화곡동 805-19,37.53494940,126.86176600,(사)열린정보장애인협회,2024-04-18
307,화곡4동,화4-17,서울특별시 강서구 곰달래로57길 47,서울특별시 강서구 화곡동 807-5,37.53437863,126.86158022,(사)열린정보장애인협회,2024-04-18
308,화곡4동,화4-18,서울특별시 강서구 곰달래로57길 45-14,서울특별시 강서구 화곡동 807-8,37.53462988,126.86116260,(사)열린정보장애인협회,2024-04-18
309,화곡4동,화4-19,서울특별시 강서구 곰달래로57가길 26,서울특별시 강서구 화곡동 809-3,37.53468531,126.86080146,(사)열린정보장애인협회,2024-04-18
310,화곡4동,화4-20,서울특별시 강서구 곰달래로57가길 10,서울특별시 강서구 화곡동 806-9,37.53385422,126.86148355,(사)열린정보장애인협회,2024-04-18
311,화곡4동,화4-21,서울특별시 강서구 등촌로5가길 35,서울특별시 강서구 화곡동 811-1,37.53423454,126.85988608,(사)열린정보장애인협회,2024-04-18
312,화곡4동,화4-22,서울특별시 강서구 곰달래로53길 56,서울특별시 강서구 화곡동 827-18,37.53415351,126.85842603,(사)열린정보장애인협회,2024-04-18
313,화곡4동,화4-23,서울특별시 강서구 곰달래로51길 31,서울특별시 강서구 화곡동 831-7,37.53316803,126.85807366,(사)열린정보장애인협회,2024-04-18
314,화곡4동,화4-24,서울특별시 강서구 등촌로13다길 73,서울특별시 강서구 화곡동 831-34,37.53368270,126.85764660,(사)열린정보장애인협회,2024-04-18
315,화곡4동,화4-25,서울특별시 강서구 곰달래로53길 66,서울특별시 강서구 화곡동 824-13,37.53458634,126.85819418,(사)열린정보장애인협회,2024-04-18
316,화곡4동,화4-26,서울특별시 강서구 곰달래로49가길 30,서울특별시 강서구 화곡동 824-27,37.53489391,126.85838809,(사)열린정보장애인협회,2024-04-18
317,화곡4동,화4-27,서울특별시 강서구 등촌로13라길 45,서울특별시 강서구 화곡동 824-1,37.53504472,126.85815032,(사)열린정보장애인협회,2024-04-18
318,화곡4동,화4-28,서울특별시 강서구 등촌로13다길 40-39,서울특별시 강서구 화곡동 819-3,37.53555067,126.85795272,(사)열린정보장애인협회,2024-04-18
319,화곡4동,화4-29,서울특별시 강서구 곰달래로49가길 53,서울특별시 강서구 화곡동 820-1,37.53566410,126.85727658,(사)열린정보장애인협회,2024-04-18
320,화곡4동,화4-30,서울특별시 강서구 곰달래로49가길 46,서울특별시 강서구 화곡동 819-6,37.53541916,126.85776006,(사)열린정보장애인협회,2024-04-18
321,화곡4동,화4-31,서울특별시 강서구 등촌로13다길 22-11,서울특별시 강서구 화곡동 826-1,37.53567978,126.85900346,(사)열린정보장애인협회,2024-04-18
322,화곡4동,화4-32,서울특별시 강서구 등촌로13다길 23,서울특별시 강서구 화곡동 812-1,37.53524951,126.85957711,(사)열린정보장애인협회,2024-04-18
323,화곡4동,화4-33,서울특별시 강서구 등촌로13길 56,서울특별시 강서구 화곡동 504-52,37.53603303,126.86057629,(사)열린정보장애인협회,2024-04-18
324,화곡4동,화4-34,서울특별시 강서구 등촌로13길 36-18,서울특별시 강서구 화곡동 504-27,37.53622535,126.86091921,(사)열린정보장애인협회,2024-04-18
325,화곡4동,화4-35,서울특별시 강서구 등촌로13나길 14,서울특별시 강서구 화곡동 504-151,37.53612751,126.86161681,(사)열린정보장애인협회,2024-04-18
326,화곡4동,화4-36,서울특별시 강서구 등촌로13나길 25,서울특별시 강서구 화곡동 504-155,37.53644801,126.86093713,(사)열린정보장애인협회,2024-04-18
327,화곡4동,화4-37,서울특별시 강서구 등촌로13마길 18,서울특별시 강서구 화곡동 504-92,37.53714917,126.86055724,(사)열린정보장애인협회,2024-04-18
328,화곡4동,화4-38,서울특별시 강서구 등촌로13마길 25-2,서울특별시 강서구 화곡동 504-164,37.53767471,126.86093157,(사)열린정보장애인협회,2024-04-18
329,화곡4동,화4-39,서울특별시 강서구 등촌로13마길 11-27,서울특별시 강서구 화곡동 504-77,37.53799518,126.85931727,(사)열린정보장애인협회,2024-04-18
330,화곡4동,화4-40,서울특별시 강서구 등촌로13마길 5-28,서울특별시 강서구 화곡동 504-180,37.53793907,126.85918692,(사)열린정보장애인협회,2024-04-18
331,화곡4동,화4-41,서울특별시 강서구 등촌로13길 104,서울특별시 강서구 화곡동 504-78,37.53773522,126.85884922,(사)열린정보장애인협회,2024-04-18
332,화곡4동,화4-42,서울특별시 강서구 등촌로13길 166,서울특별시 강서구 화곡동 488-40,37.53971932,126.85765300,(사)열린정보장애인협회,2024-04-18
333,화곡4동,화4-43,서울특별시 강서구 등촌로13길 162-16,서울특별시 강서구 화곡동 488-33,37.53912027,126.85774466,(사)열린정보장애인협회,2024-04-18
334,화곡4동,화4-44,서울특별시 강서구 등촌로13길 144,서울특별시 강서구 화곡동 488-24,37.53909061,126.85758721,(사)열린정보장애인협회,2024-04-18
335,화곡4동,화4-45,서울특별시 강서구 등촌로13바길 8,서울특별시 강서구 화곡동 480-12,37.53694465,126.85889495,(사)열린정보장애인협회,2024-04-18
336,화곡4동,화4-46,서울특별시 강서구 등촌로13바길 8-11,서울특별시 강서구 화곡동 479-3,37.53713480,126.85839664,(사)열린정보장애인협회,2024-04-18
337,화곡4동,화4-47,서울특별시 강서구 등촌로13바길 28-15,서울특별시 강서구 화곡동 472-17,37.53675055,126.85730223,(사)열린정보장애인협회,2024-04-18
338,화곡4동,화4-48,서울특별시 강서구 등촌로13바길 28-6,서울특별시 강서구 화곡동 478-10,37.53645957,126.85793662,(사)열린정보장애인협회,2024-04-18
339,화곡4동,화4-49,서울특별시 강서구 등촌로5길 18-45,서울특별시 강서구 화곡동 805-1,37.53499170,126.86199703,(사)열린정보장애인협회,2024-04-18
340,화곡4동,화4-50,서울특별시 강서구 등촌로13아길 25,서울특별시 강서구 화곡동 478-1,37.53711728,126.85746639,(사)열린정보장애인협회,2024-04-18
341,화곡4동,화4-51,서울특별시 강서구 등촌로13바길 38-16,서울특별시 강서구 화곡동 472-4,37.53669736,126.85712832,(사)열린정보장애인협회,2024-04-18
342,화곡4동,화4-52,서울특별시 강서구 등촌로13아길 20,서울특별시 강서구 화곡동 477-1,37.53838143,126.85706220,(사)열린정보장애인협회,2024-04-18
343,화곡4동,화4-53,서울특별시 강서구 등촌로13아길 30-13,서울특별시 강서구 화곡동 475-18,37.53749958,126.85650584,(사)열린정보장애인협회,2024-04-18
344,화곡4동,화4-54,서울특별시 강서구 곰달래로53나길 15,서울특별시 강서구 화곡동 475-20,37.53729391,126.85630495,(사)열린정보장애인협회,2024-04-18
345,화곡4동,화4-55,서울특별시 강서구 등촌로13자길 39-17,서울특별시 강서구 화곡동 475-19,37.53743179,126.85617683,(사)열린정보장애인협회,2024-04-18
346,화곡4동,화4-56,서울특별시 강서구 등촌로13바길 18-3,서울특별시 강서구 화곡동 478-6,37.53657485,126.85826645,(사)열린정보장애인협회,2024-04-18
347,화곡4동,화4-57,서울특별시 강서구 등촌로13자길 63-33,서울특별시 강서구 화곡동 468-6,37.53626242,126.85554796,(사)열린정보장애인협회,2024-04-18
348,화곡4동,화4-58,서울특별시 강서구 등촌로13자길 63-25,서울특별시 강서구 화곡동 468-2,37.53653977,126.85534218,(사)열린정보장애인협회,2024-04-18
349,화곡4동,화4-59,서울특별시 강서구 등촌로13자길 63-25,서울특별시 강서구 화곡동 468-2,37.53653977,126.85534218,(사)열린정보장애인협회,2024-04-18
350,화곡4동,화4-60,서울특별시 강서구 곰달래로53길 133,서울특별시 강서구 화곡동 468-13,37.53670539,126.85558048,(사)열린정보장애인협회,2024-04-18
351,화곡4동,화4-61,서울특별시 강서구 곰달래로53길 142,서울특별시 강서구 화곡동 474-8,37.53719323,126.85553507,(사)열린정보장애인협회,2024-04-18
352,화곡4동,화4-62,서울특별시 강서구 곰달래로53길 153,서울특별시 강서구 화곡동 467-17,37.53740305,126.85493262,(사)열린정보장애인협회,2024-04-18
353,화곡4동,화4-63,서울특별시 강서구 등촌로13자길 49,서울특별시 강서구 화곡동 474-22,37.53766824,126.85531545,(사)열린정보장애인협회,2024-04-18
354,화곡4동,화4-64,서울특별시 강서구 등촌로13자길 61,서울특별시 강서구 화곡동 467-19,37.53742837,126.85470865,(사)열린정보장애인협회,2024-04-18
355,화곡4동,화4-65,서울특별시 강서구 등촌로13자길 63-8,서울특별시 강서구 화곡동 466-16,37.53705358,126.85451658,(사)열린정보장애인협회,2024-04-18
356,화곡4동,화4-66,서울특별시 강서구 곰달래로49길 130,서울특별시 강서구 화곡동 466-9,37.53670080,126.85455155,(사)열린정보장애인협회,2024-04-18
357,화곡4동,화4-67,서울특별시 강서구 등촌로13자길 82,서울특별시 강서구 화곡동 476-46,37.53704415,126.85358892,(사)열린정보장애인협회,2024-04-18
358,화곡4동,화4-69,서울특별시 강서구 등촌로13다길 14,서울특별시 강서구 화곡동 814-12,37.53562508,126.85983234,(사)열린정보장애인협회,2024-04-18
359,화곡4동,화4-70,서울특별시 강서구 곰달래로57가길 50-1,서울특별시 강서구 화곡동 813-21,37.53525752,126.85987523,(사)열린정보장애인협회,2024-04-18
360,화곡4동,미지정,서울특별시 강서구 곰달래로57길 44,서울특별시 강서구 화곡동 805-14,37.53415817,126.86190036,(사)열린정보장애인협회,2024-04-18
361,화곡4동,미지정,서울특별시 강서구 곰달래로49가길 6,서울특별시 강서구 화곡동 823-16,37.53404927,126.85737821,(사)열린정보장애인협회,2024-04-18
362,화곡4동,미지정,서울특별시 강서구 곰달래로49길 64,서울특별시 강서구 화곡동 822-20,37.53446934,126.85680468,(사)열린정보장애인협회,2024-04-18
363,화곡4동,미지정,서울특별시 강서구 등촌로13길 162-16,서울특별시 강서구 화곡동 488-33,37.53912027,126.85774466,(사)열린정보장애인협회,2024-04-18
364,우장산동,우장산1,서울특별시 강서구 우장산2길84,서울특별시 강서구 내발산동 702-23,37.55100053,126.83694832,강서구 의류자원순환협회,2024-04-18
365,우장산동,우장산2,서울특별시 강서구 우장산로2길 65,서울특별시 강서구 내발산동 704-16,37.55183057,126.83717908,강서구 의류자원순환협회,2024-04-18
366,우장산동,우장산3,서울특별시 강서구 우장산로2길 57-17,서울특별시 강서구 내발산동 703-19,37.55227368,126.83809500,강서구 의류자원순환협회,2024-04-18
367,우장산동,우장산4,서울특별시 강서구 우장산로4길 60,서울특별시 강서구 내발산동 704-2,37.55191542,126.83834113,강서구 의류자원순환협회,2024-04-18
368,우장산동,우장산5,서울특별시 강서구 우장산로2길 65-9,서울특별시 강서구 내발산동 704-11,37.55184837,126.83767403,강서구 의류자원순환협회,2024-04-18
369,우장산동,우장산6,서울특별시 강서구 우장산로2길 51,서울특별시 강서구 내발산동 703-1,37.55240057,126.83719640,강서구 의류자원순환협회,2024-04-18
370,우장산동,우장산7,서울특별시 강서구 우장산로2길 36,서울특별시 강서구 내발산동 677-14,37.55311335,126.83713441,강서구 의류자원순환협회,2024-04-18
371,우장산동,우장산8,서울특별시 강서구 우장산로6길 75,서울특별시 강서구 내발산동 676-6,37.55305759,126.83759830,강서구 의류자원순환협회,2024-04-18
372,우장산동,우장산9,서울특별시 강서구 우장산로6길 64-6,서울특별시 강서구 내발산동 675-10,37.55326589,126.83850944,강서구 의류자원순환협회,2024-04-18
373,우장산동,우장산10,서울특별시 강서구 우장산로 12-9,서울특별시 강서구 내발산동 670-58,37.55417262,126.83868833,강서구 의류자원순환협회,2024-04-18
374,우장산동,우장산11,서울특별시 강서구 우장산로 18-13,서울특별시 강서구 내발산동 670-31,37.55401894,126.83923754,강서구 의류자원순환협회,2024-04-18
375,우장산동,우장산12,서울특별시 강서구 우장산로4길 19,서울특별시 강서구 내발산동 671-37,37.55364519,126.83948833,강서구 의류자원순환협회,2024-04-18
376,우장산동,우장산13,서울특별시 강서구 우장산로4길 25,서울특별시 강서구 내발산동 671-38,37.55319664,126.83946157,강서구 의류자원순환협회,2024-04-18
377,우장산동,우장산14,서울특별시 강서구 강서로48길 41,서울특별시 강서구 내발산동 676-26,37.55255400,126.83883339,강서구 의류자원순환협회,2024-04-18
378,우장산동,우장산15,서울특별시 강서구 강서로48길 53,서울특별시 강서구 내발산동 674-13,37.55245003,126.83949542,강서구 의류자원순환협회,2024-04-18
379,우장산동,우장산16,서울특별시 강서구 우장산로6길 41,서울특별시 강서구 내발산동 674-9,37.55281769,126.83960384,강서구 의류자원순환협회,2024-04-18
380,우장산동,우장산17,서울특별시 강서구 우장산로8길 54,서울특별시 강서구 내발산동 674-20,37.55249932,126.84003219,강서구 의류자원순환협회,2024-04-18
381,우장산동,우장산18,서울특별시 강서구 우장산로8길 35,서울특별시 강서구 내발산동 673-3,37.55292302,126.84093630,강서구 의류자원순환협회,2024-04-18
382,우장산동,우장산19,서울특별시 강서구 우장산로8길 4,서울특별시 강서구 내발산동 672-7,37.55425464,126.84163808,강서구 의류자원순환협회,2024-04-18
383,우장산동,우장산20,서울특별시 강서구 우장산로6길 9,서울특별시 강서구 내발산동 672-14,37.55392233,126.84061209,강서구 의류자원순환협회,2024-04-18
384,우장산동,우장산21,서울특별시 강서구 우장산로6길 22,서울특별시 강서구 내발산동 671-22,37.55353598,126.84014926,강서구 의류자원순환협회,2024-04-18
385,우장산동,우장산22,서울특별시 강서구 우장산로6길 33,서울특별시 강서구 내발산동 674-37,37.55294612,126.84016444,강서구 의류자원순환협회,2024-04-18
386,우장산동,우장산23,서울특별시 강서구 우장산로 24-21,서울특별시 강서구 내발산동 671-47,37.55352661,126.83981814,강서구 의류자원순환협회,2024-04-18
387,우장산동,우장산24,서울특별시 강서구 우장산로 19,서울특별시 강서구 내발산동 665-14,37.55468825,126.83933580,강서구 의류자원순환협회,2024-04-18
388,우장산동,우장산25,서울특별시 강서구 강서로50길 22,서울특별시 강서구 내발산동 665-2,37.55507177,126.83852285,강서구 의류자원순환협회,2024-04-18
389,우장산동,우장산26,서울특별시 강서구 강서로50길 48,서울특별시 강서구 내발산동 663-12,37.55496066,126.84003395,강서구 의류자원순환협회,2024-04-18
390,우장산동,우장산27,서울특별시 강서구 강서로50길 72,서울특별시 강서구 내발산동 731,37.55480842,126.84058848,강서구 의류자원순환협회,2024-04-18
391,우장산동,우장산28,서울특별시 강서구 공항대로38길 104,서울특별시 강서구 내발산동 659-3,37.55689978,126.84332355,강서구 의류자원순환협회,2024-04-18
392,우장산동,우장산29,서울특별시 강서구 공항대로42길 54-35,서울특별시 강서구 내발산동 658-9,37.55687716,126.84243494,강서구 의류자원순환협회,2024-04-18
393,우장산동,우장산30,서울특별시 강서구 공항대로 308-20,서울특별시 강서구 내발산동 651-9,37.55715060,126.84181971,강서구 의류자원순환협회,2024-04-18
394,우장산동,우장산31,서울특별시 강서구 공항대로38길 65,서울특별시 강서구 내발산동 651-13,37.55724814,126.84125645,강서구 의류자원순환협회,2024-04-18
395,우장산동,우장산32,서울특별시 강서구 공항대로38길 49,서울특별시 강서구 내발산동 651-20,37.55734484,126.84026946,강서구 의류자원순환협회,2024-04-18
396,우장산동,우장산33,서울특별시 강서구 강서로52길 34,서울특별시 강서구 내발산동 652-4,37.55750823,126.83976446,강서구 의류자원순환협회,2024-04-18
397,우장산동,우장산34,서울특별시 강서구 강서로52길 66,서울특별시 강서구 내발산동 651-21,37.55739657,126.84181817,강서구 의류자원순환협회,2024-04-18
398,우장산동,우장산35,서울특별시 강서구 강서로52길 76,서울특별시 강서구 내발산동 650-1,37.55732758,126.84237797,강서구 의류자원순환협회,2024-04-18
399,우장산동,우장산36,서울특별시 강서구 강서로 360,서울특별시 강서구 내발산동 653-1,37.55769458,126.83839361,강서구 의류자원순환협회,2024-04-18
400,우장산동,우장산37,서울특별시 강서구 공항대로42길 54-26,서울특별시 강서구 내발산동 659-9,37.55681848,126.84309239,강서구 의류자원순환협회,2024-04-18
401,우장산동,우장산38,서울특별시 강서구 우현로 4,서울특별시 강서구 화곡동 1162,37.54686025,126.84489565,강서구 의류자원순환협회,2024-04-18
402,우장산동,우장산39,서울특별시 강서구 화곡로35길 12,서울특별시 강서구 화곡동 111-97,37.54556635,126.84375226,강서구 의류자원순환협회,2024-04-18
403,우장산동,우장산40,서울특별시 강서구 화곡로43가길 39,서울특별시 강서구 화곡동 80-4,37.54827722,126.84384811,강서구 의류자원순환협회,2024-04-18
404,우장산동,우장산41,서울특별시 강서구 화곡로43가길 49,서울특별시 강서구 화곡동 77-57,37.54864896,126.84350479,강서구 의류자원순환협회,2024-04-18
405,우장산동,우장산42,서울특별시 강서구 화곡로43가길 61,서울특별시 강서구 화곡동 77-15,37.54894484,126.84309124,강서구 의류자원순환협회,2024-04-18
406,우장산동,우장산43,서울특별시 강서구 화곡로43가길 53-12,서울특별시 강서구 화곡동 77-45,37.54870615,126.84266828,강서구 의류자원순환협회,2024-04-18
407,우장산동,우장산44,서울특별시 강서구 화곡로41길 33,서울특별시 강서구 화곡동 84-27,37.54684600,126.84318537,강서구 의류자원순환협회,2024-04-18
408,우장산동,우장산45,서울특별시 강서구 화곡로41길 30,서울특별시 강서구 화곡동 84-19,37.54685989,126.84360540,강서구 의류자원순환협회,2024-04-18
409,우장산동,우장산46,서울특별시 강서구 화곡로41길 24,서울특별시 강서구 화곡동 84-17,37.54670991,126.84390094,강서구 의류자원순환협회,2024-04-18
410,우장산동,우장산47,서울특별시 강서구 화곡로39길 6,서울특별시 강서구 화곡동 95-38,37.54594371,126.84451971,강서구 의류자원순환협회,2024-04-18
411,우장산동,우장산48,서울특별시 강서구 화곡로39길 30,서울특별시 강서구 화곡동 95-105,37.54656051,126.84341286,강서구 의류자원순환협회,2024-04-18
412,우장산동,우장산49,서울특별시 강서구 화곡로 217-11,서울특별시 강서구 화곡동 111-78,37.54523407,126.84348568,강서구 의류자원순환협회,2024-04-18
413,우장산동,우장산50,서울특별시 강서구 화곡로35길 12,서울특별시 강서구 화곡동 111-97,37.54556635,126.84375226,강서구 의류자원순환협회,2024-04-18
414,우장산동,우장산51,서울특별시 강서구 화곡로35길 23,서울특별시 강서구 화곡동 111-111,37.54566359,126.84309291,강서구 의류자원순환협회,2024-04-18
415,우장산동,우장산52,서울특별시 강서구 화곡로35길 23-17,서울특별시 강서구 화곡동 111-153,37.54507328,126.84250132,강서구 의류자원순환협회,2024-04-18
416,우장산동,우장산53,서울특별시 강서구 화곡로33길 5-9,서울특별시 강서구 화곡동 111-52,37.54440983,126.84280246,강서구 의류자원순환협회,2024-04-18
417,우장산동,우장산54,서울특별시 강서구 화곡로33길 23,서울특별시 강서구 화곡동 111-24,37.54518113,126.84290948,강서구 의류자원순환협회,2024-04-18
418,우장산동,우장산55,서울특별시 강서구 화곡로27가길 42,서울특별시 강서구 화곡동 1060-13,37.54353781,126.84237419,강서구 의류자원순환협회,2024-04-18
419,우장산동,우장산56,서울특별시 강서구 화곡로27가길 24,서울특별시 강서구 화곡동 1060-39,37.54289986,126.84173587,강서구 의류자원순환협회,2024-04-18
420,우장산동,우장산57,서울특별시 강서구 강서로34길 41-17,서울특별시 강서구 화곡동 1056-10,37.54410275,126.84090650,강서구 의류자원순환협회,2024-04-18
421,우장산동,우장산58,서울특별시 강서구 화곡로31다길 21,서울특별시 강서구 화곡동 1026-2,37.54513923,126.83790200,강서구 의류자원순환협회,2024-04-18
422,우장산동,우장산59,서울특별시 강서구 화곡로27길 60,서울특별시 강서구 화곡동 1030-1,37.54418786,126.83908484,강서구 의류자원순환협회,2024-04-18
423,우장산동,우장산60,서울특별시 강서구 화곡로27길 42,서울특별시 강서구 화곡동 1053,37.54349586,126.83959179,강서구 의류자원순환협회,2024-04-18
424,우장산동,우장산61,서울특별시 강서구 화곡로27길 21,서울특별시 강서구 화곡동 1052-11,37.54261598,126.84015130,강서구 의류자원순환협회,2024-04-18
425,우장산동,우장산62,서울특별시 강서구 강서로34길 21,서울특별시 강서구 화곡동 1054-8,37.54301781,126.84074168,강서구 의류자원순환협회,2024-04-18
426,우장산동,우장산63,서울특별시 강서구 화곡로31길 29,서울특별시 강서구 화곡동 1057-7,37.54429646,126.84164047,강서구 의류자원순환협회,2024-04-18
427,우장산동,우장산64,서울특별시 강서구 화곡로31가길 40,서울특별시 강서구 화곡동 1059,37.54561462,126.84130489,강서구 의류자원순환협회,2024-04-18
428,우장산동,우장산65,서울특별시 강서구 화곡로31길 67,서울특별시 강서구 화곡동 1030-11,37.54434110,126.83960119,강서구 의류자원순환협회,2024-04-18
429,우장산동,우장산66,서울특별시 강서구 화곡로31길 79,서울특별시 강서구 화곡동 1030,37.54429643,126.83901683,강서구 의류자원순환협회,2024-04-18
430,우장산동,우장산67,서울특별시 강서구 화곡로43가길 39,서울특별시 강서구 화곡동 80-4,37.54827722,126.84384811,강서구 의류자원순환협회,2024-04-18
431,가양1동,가양1,서울특별시 강서구 강서로 515,서울특별시 강서구 가양동 1457-1,37.57170967,126.84166972,강서구 의류자원순환협회,2024-04-18
432,가양1동,가양2,서울특별시 강서구 양천로49길 34,서울특별시 강서구 가양동 187-7,37.57022055,126.84089873,강서구 의류자원순환협회,2024-04-18
433,가양1동,가양3,서울특별시 강서구 양천로49길 68-16,서울특별시 강서구 가양동 237-3,37.57190051,126.84013979,강서구 의류자원순환협회,2024-04-18
434,가양1동,가양4,서울특별시 강서구 양천로49길 68-20,서울특별시 강서구 가양동 237-4,37.57194585,126.84002219,강서구 의류자원순환협회,2024-04-18
435,가양1동,가양5,서울특별시 강서구 양천로49길 83,서울특별시 강서구 가양동 241-2,37.57208767,126.83942307,강서구 의류자원순환협회,2024-04-18
436,가양1동,가양6,서울특별시 강서구 양천로47나길 43,서울특별시 강서구 가양동 235-4,37.57238700,126.83956800,강서구 의류자원순환협회,2024-04-18
437,가양1동,가양7,서울특별시 강서구 양천로47길 104,서울특별시 강서구 마곡동 5-37,37.57493431,126.83708498,강서구 의류자원순환협회,2024-04-18
438,가양1동,가양8,서울특별시 강서구 양천로47나길 7,서울특별시 강서구 마곡동 14-6,37.57150896,126.83836670,강서구 의류자원순환협회,2024-04-18
439,가양1동,가양9,서울특별시 강서구 양천로47나길 17,서울특별시 강서구 마곡동 12-4,37.57166897,126.83869191,강서구 의류자원순환협회,2024-04-18
440,가양1동,가양10,서울특별시 강서구 양천로47가길 29,서울특별시 강서구 가양동 253,37.57104860,126.83938930,강서구 의류자원순환협회,2024-04-18
441,가양1동,가양11,서울특별시 강서구 양천로47가길 16,서울특별시 강서구 가양동 272-2,37.57055568,126.83887022,강서구 의류자원순환협회,2024-04-18
442,가양1동,가양12,서울특별시 강서구 양천로 311,서울특별시 강서구 가양동 272-31,37.57049602,126.83807594,강서구 의류자원순환협회,2024-04-18
443,가양1동,가양13,서울특별시 강서구 양천로47가길 32,서울특별시 강서구 가양동 251-2,37.57090481,126.83965992,강서구 의류자원순환협회,2024-04-18
444,가양1동,가양14,서울특별시 강서구 양천로47가길 44,서울특별시 강서구 가양동 249-3,37.57115371,126.84016300,강서구 의류자원순환협회,2024-04-18
445,가양1동,가양15,서울특별시 강서구 양천로49길 53,서울특별시 강서구 가양동 249-7,37.57104600,126.84039880,강서구 의류자원순환협회,2024-04-18
446,가양1동,가양16,서울특별시 강서구 양천로49길 29,서울특별시 강서구 가양동 275-5,37.56997832,126.84053204,강서구 의류자원순환협회,2024-04-18
447,가양1동,가양17,서울특별시 강서구 강서로76길 7,서울특별시 강서구 가양동 151-11,37.56952418,126.84204438,강서구 의류자원순환협회,2024-04-18
448,가양1동,가양18,서울특별시 강서구 강서로76길 21,서울특별시 강서구 가양동 146-63,37.56930382,126.84280415,강서구 의류자원순환협회,2024-04-18
449,가양1동,가양19,서울특별시 강서구 양천로51길 27,서울특별시 강서구 가양동 146-48,37.56902607,126.84316458,강서구 의류자원순환협회,2024-04-18
450,가양1동,가양20,서울특별시 강서구 양천로30길 111,서울특별시 강서구 마곡동 359-7,37.56837579,126.82282361,강서구 의류자원순환협회,2024-04-18
451,가양1동,가양21,서울특별시 강서구 양천로30길125,서울특별시 강서구 마곡동 737-5,37.56755830,126.82311800,강서구 의류자원순환협회,2024-04-18
452,가양1동,가양22,서울특별시 강서구 마곡중앙5로52-5,서울특별시 강서구 마곡동 737-2,37.56766792,126.82242889,강서구 의류자원순환협회,2024-04-18
453,가양1동,가양23,서울특별시 강서구 마곡동로10길 23,서울특별시 강서구 마곡동 776-1,37.56867515,126.83935591,강서구 의류자원순환협회,2024-04-18
454,가양1동,가양24,서울특별시 강서구 양천로30가길 15,서울특별시 강서구 마곡동 327-86,37.57051923,126.82364442,강서구 의류자원순환협회,2024-04-18
455,가양1동,가양25,서울특별시 강서구 양천로30길 11,서울특별시 강서구 마곡동 326-8,37.57268749,126.82287430,강서구 의류자원순환협회,2024-04-18
456,등촌3동,등촌1,서울특별시 강서구 강서로56길 84,서울특별시 강서구 등촌동 670-4,37.55894206,126.84337903,강서구 의류자원순환협회,2024-04-18
457,등촌3동,등촌2,서울특별시 강서구 강서로54길 17,서울특별시 강서구 등촌동 674-4,37.55920582,126.83958166,강서구 의류자원순환협회,2024-04-18
458,등촌3동,등촌3,서울특별시 강서구 강서로54길 73,서울특별시 강서구 등촌동 670-1,37.55902084,126.84273035,강서구 의류자원순환협회,2024-04-18
459,등촌3동,등촌4,서울특별시 강서구 강서로54길 49,서울특별시 강서구 등촌동 671-4,37.55906299,126.84143652,강서구 의류자원순환협회,2024-04-18
460,등촌3동,등촌5,서울특별시 강서구 화곡로61길 41-1,서울특별시 강서구 등촌동 660-9,37.55736417,126.84999623,강서구 의류자원순환협회,2024-04-18
461,등촌3동,등촌6,서울특별시 강서구 공항대로43길 39,서울특별시 강서구 등촌동 705-6,37.55925364,126.84955886,강서구 의류자원순환협회,2024-04-18
462,등촌3동,등촌7,서울특별시 강서구 공항대로43길 39,서울특별시 강서구 등촌동 705-6,37.55925364,126.84955886,강서구 의류자원순환협회,2024-04-18
463,등촌3동,등촌8,서울특별시 강서구 강서로56길 56,서울특별시 강서구 등촌동 671-5,37.55908506,126.84183542,강서구 의류자원순환협회,2024-04-18
464,공항동,공항-01,서울특별시 강서구 남부순환로11가길 1,서울특별시 강서구 공항동 1335-10,37.55390433,126.81447362,서울시 재활용의류 협동조합,2024-04-18
465,공항동,공항-02,서울특별시 강서구 방화대로5가길 25,서울특별시 강서구 공항동 1338-1,37.55436892,126.81495390,서울시 재활용의류 협동조합,2024-04-18
466,공항동,공항-03,서울특별시 강서구 방화대로5가길 8,서울특별시 강서구 공항동 1340-6,37.55466336,126.81587495,서울시 재활용의류 협동조합,2024-04-18
467,공항동,공항-04,서울특별시 강서구 방화대로7길 5,서울특별시 강서구 공항동 672,37.55623550,126.81587029,서울시 재활용의류 협동조합,2024-04-18
468,공항동,공항-05,서울특별시 강서구 방화대로8길 2,서울특별시 강서구 공항동 1343-1,37.55632142,126.81677095,서울시 재활용의류 협동조합,2024-04-18
469,공항동,공항-06,서울특별시 강서구 방화대로6마길 15,서울특별시 강서구 공항동 1360-7,37.55406443,126.81823503,서울시 재활용의류 협동조합,2024-04-18
470,공항동,공항-07,서울특별시 강서구 방화대로6라길 1,서울특별시 강서구 공항동 1355-10,37.55510218,126.81827947,서울시 재활용의류 협동조합,2024-04-18
471,공항동,공항-08,서울특별시 강서구 방화대로6바길 5-11,서울특별시 강서구 공항동 1356-3,37.55526553,126.81868763,서울시 재활용의류 협동조합,2024-04-18
472,공항동,공항-09,서울특별시 강서구 방화대로7가길 33,서울특별시 강서구 공항동 659-5,37.55779396,126.81564078,서울시 재활용의류 협동조합,2024-04-18
473,공항동,공항-10,서울특별시 강서구 방화대로7가길 53,서울특별시 강서구 공항동 658-1,37.55810641,126.81505579,서울시 재활용의류 협동조합,2024-04-18
474,공항동,공항-11,서울특별시 강서구 방화대로7가길 63,서울특별시 강서구 공항동 657-2,37.55833507,126.81447508,서울시 재활용의류 협동조합,2024-04-18
475,공항동,공항-12,서울특별시 강서구 송정로4길 60,서울특별시 강서구 공항동 657-1,37.55834908,126.81432916,서울시 재활용의류 협동조합,2024-04-18
476,공항동,공항-13,서울특별시 강서구 공항대로8가길 36,서울특별시 강서구 공항동 651-6,37.55866585,126.81397175,서울시 재활용의류 협동조합,2024-04-18
477,공항동,공항-14,서울특별시 강서구 공항대로8가길 28,서울특별시 강서구 공항동 651-1,37.55882452,126.81363216,서울시 재활용의류 협동조합,2024-04-18
478,공항동,공항-15,서울특별시 강서구 공항대로8가길 24,서울특별시 강서구 공항동 651,37.55891978,126.81347777,서울시 재활용의류 협동조합,2024-04-18
479,공항동,공항-16,서울특별시 강서구 공항대로8가길 8-3,서울특별시 강서구 공항동 40-12,37.55923091,126.81292027,서울시 재활용의류 협동조합,2024-04-18
480,공항동,공항-17,서울특별시 강서구 공항대로8가길 8-11,서울특별시 강서구 공항동 40-9,37.55893924,126.81313808,서울시 재활용의류 협동조합,2024-04-18
481,공항동,공항-18,서울특별시 강서구 공항대로8길 7,서울특별시 강서구 공항동 34-107,37.56068525,126.81231836,서울시 재활용의류 협동조합,2024-04-18
482,공항동,공항-19,서울특별시 강서구 공항대로8길 18,서울특별시 강서구 공항동 41-105,37.56030924,126.81213391,서울시 재활용의류 협동조합,2024-04-18
483,공항동,공항-20,서울특별시 강서구 방화대로7나길 4,서울특별시 강서구 공항동 661-7,37.55673253,126.81554969,서울시 재활용의류 협동조합,2024-04-18
484,공항동,공항-21,서울특별시 강서구 방화대로7나길 32-12,서울특별시 강서구 공항동 665-12,37.55694049,126.81417398,서울시 재활용의류 협동조합,2024-04-18
485,공항동,공항-22,서울특별시 강서구 방화대로7나길 32-13,서울특별시 강서구 공항동 666-5,37.55701771,126.81394993,서울시 재활용의류 협동조합,2024-04-18
486,공항동,공항-23,서울특별시 강서구 공항대로8길 56,서울특별시 강서구 공항동 55-135,37.55854036,126.81216744,서울시 재활용의류 협동조합,2024-04-18
487,공항동,공항-24,서울특별시 강서구 송정로4길 11-3,서울특별시 강서구 공항동 55-80,37.55868294,126.81156916,서울시 재활용의류 협동조합,2024-04-18
488,공항동,공항-25,서울특별시 강서구 남부순환로11가길 32,서울특별시 강서구 공항동 681-7,37.55504590,126.81373607,서울시 재활용의류 협동조합,2024-04-18
489,공항동,공항-26,서울특별시 강서구 남부순환로11길 40,서울특별시 강서구 공항동 675-7,37.55519760,126.81503605,서울시 재활용의류 협동조합,2024-04-18
490,공항동,공항-27,서울특별시 강서구 남부순환로11길 51,서울특별시 강서구 공항동 678-1,37.55583851,126.81470683,서울시 재활용의류 협동조합,2024-04-18
491,공항동,공항-28,서울특별시 강서구 방화대로5라길 33,서울특별시 강서구 공항동 680,37.55565046,126.81395695,서울시 재활용의류 협동조합,2024-04-18
492,공항동,공항-29,서울특별시 강서구 남부순환로11가길 47,서울특별시 강서구 공항동 683-3,37.55568517,126.81339801,서울시 재활용의류 협동조합,2024-04-18
493,공항동,공항-30,서울특별시 강서구 남부순환로3길 7,서울특별시 강서구 공항동 66-96,37.55892357,126.80858155,서울시 재활용의류 협동조합,2024-04-18
494,공항동,공항-31,서울특별시 강서구 공항대로2길 49,서울특별시 강서구 공항동 66-34,37.55924909,126.80885721,서울시 재활용의류 협동조합,2024-04-18
495,공항동,공항-32,서울특별시 강서구 공항대로2길 36-10,서울특별시 강서구 공항동 66-65,37.55982286,126.80831226,서울시 재활용의류 협동조합,2024-04-18
496,공항동,공항-33,서울특별시 강서구 공항대로2길 31,서울특별시 강서구 공항동 66-138,37.55996434,126.80882279,서울시 재활용의류 협동조합,2024-04-18
497,공항동,공항-34,서울특별시 강서구 공항대로2가길 25,서울특별시 강서구 공항동 60-13,37.55960910,126.80961856,서울시 재활용의류 협동조합,2024-04-18
498,공항동,공항-35,서울특별시 강서구 공항대로2가길 33,서울특별시 강서구 공항동 60-117,37.55940036,126.80991200,서울시 재활용의류 협동조합,2024-04-18
499,공항동,공항-36,서울특별시 강서구 방화대로6바길 5-23,서울특별시 강서구 공항동 1349-4,37.55582086,126.81865980,서울시 재활용의류 협동조합,2024-04-18
500,공항동,공항-37,서울특별시 강서구 공항대로4가길 10,서울특별시 강서구 공항동 42-16,37.56040793,126.81125459,서울시 재활용의류 협동조합,2024-04-18
501,공항동,공항-38,서울특별시 강서구 공항대로4길 23,서울특별시 강서구 공항동 53-62,37.56010405,126.81064713,서울시 재활용의류 협동조합,2024-04-18
502,공항동,공항-39,서울특별시 강서구 방화대로21길 66,서울특별시 강서구 공항동 18-104,37.56386753,126.81315169,서울시 재활용의류 협동조합,2024-04-18
503,공항동,공항-40,서울특별시 강서구 공항대로7가길 32,서울특별시 강서구 공항동 14-26,37.56248173,126.81447849,서울시 재활용의류 협동조합,2024-04-18
504,공항동,공항-41,서울특별시 강서구 방화대로21길 39,서울특별시 강서구 공항동 14-8,37.56300666,126.81425546,서울시 재활용의류 협동조합,2024-04-18
505,공항동,공항-42,서울특별시 강서구 공항대로13길 20-25,서울특별시 강서구 공항동 14-59,37.56224392,126.81451338,서울시 재활용의류 협동조합,2024-04-18
506,공항동,공항-43,서울특별시 강서구 공항대로13길 11,서울특별시 강서구 공항동 14-67,37.56170291,126.81344978,서울시 재활용의류 협동조합,2024-04-18
507,공항동,공항-44,서울특별시 강서구 공항대로5길 27,서울특별시 강서구 공항동 25-5,37.56183258,126.81277591,서울시 재활용의류 협동조합,2024-04-18
508,공항동,공항-45,서울특별시 강서구 공항대로7길 20,서울특별시 강서구 공항동 24-1,37.56211551,126.81267186,서울시 재활용의류 협동조합,2024-04-18
509,공항동,공항-46,서울특별시 강서구 공항대로7나길 9,서울특별시 강서구 공항동 22-138,37.56274810,126.81267685,서울시 재활용의류 협동조합,2024-04-18
510,공항동,공항-47,서울특별시 강서구 공항대로7나길 30,서울특별시 강서구 공항동 18-10,37.56341629,126.81194886,서울시 재활용의류 협동조합,2024-04-18
511,공항동,공항-48,서울특별시 강서구 방화동로3길 39,서울특별시 강서구 방화동 612-61,37.56413183,126.80800920,서울시 재활용의류 협동조합,2024-04-18
512,공항동,공항-49,서울특별시 강서구 방화대로7다길 38,서울특별시 강서구 공항동 654-6,37.55770529,126.81362544,서울시 재활용의류 협동조합,2024-04-18
513,공항동,공항-50,서울특별시 강서구 초원로 6-11,서울특별시 강서구 방화동 648-29,37.56707410,126.80628511,서울시 재활용의류 협동조합,2024-04-18
514,방화2동,방2-27,서울특별시 강서구 초원로 38-15,서울특별시 강서구 방화동 602-5,37.56695712,126.80976014,서울시 재활용의류 협동조합,2024-04-18
515,방화2동,방2-28,서울특별시 강서구 방화대로5길 7,서울특별시 강서구 공항동 1340-5,37.55477174,126.81586677,서울시 재활용의류 협동조합,2024-04-18
516,발산1동,발1-01,서울특별시 강서구 수명로2길 124-21,서울특별시 강서구 내발산동 743-4,37.55252227,126.82952215,서울시 재활용의류 협동조합,2024-04-18
517,발산1동,발1-02,서울특별시 강서구 강서로45길 179,서울특별시 강서구 내발산동 690,37.55297848,126.82998330,서울시 재활용의류 협동조합,2024-04-18
518,발산1동,발1-03,서울특별시 강서구 강서로45길 147,서울특별시 강서구 내발산동 693-1,37.55165917,126.83075029,서울시 재활용의류 협동조합,2024-04-18
519,발산1동,발1-04,서울특별시 강서구 강서로45라길 12,서울특별시 강서구 내발산동 722,37.54835860,126.83382910,서울시 재활용의류 협동조합,2024-04-18
520,발산1동,발1-05,서울특별시 강서구 강서로45나길 19-21,서울특별시 강서구 내발산동 721,37.54881088,126.83433212,서울시 재활용의류 협동조합,2024-04-18
521,발산1동,발1-06,서울특별시 강서구 강서로45라길 29,서울특별시 강서구 내발산동 715-7,37.54896585,126.83381485,서울시 재활용의류 협동조합,2024-04-18
522,발산1동,발1-07,서울특별시 강서구 강서로45길 92-22,서울특별시 강서구 내발산동 715-10,37.54921191,126.83336334,서울시 재활용의류 협동조합,2024-04-18
523,발산1동,발1-08,서울특별시 강서구 강서로47마길 60,서울특별시 강서구 내발산동 712-16,37.55047553,126.83201092,서울시 재활용의류 협동조합,2024-04-18
524,발산1동,발1-09,서울특별시 강서구 강서로47마길 37,서울특별시 강서구 내발산동 688-26,37.55170669,126.83178634,서울시 재활용의류 협동조합,2024-04-18
525,발산1동,발1-10,서울특별시 강서구 강서로47마길 18,서울특별시 강서구 내발산동 689-16,37.55234156,126.83104502,서울시 재활용의류 협동조합,2024-04-18
526,발산1동,발1-11,서울특별시 강서구 강서로47라길 6,서울특별시 강서구 내발산동 688-7,37.55267343,126.83163434,서울시 재활용의류 협동조합,2024-04-18
527,발산1동,발1-12,서울특별시 강서구 강서로47라길 31,서울특별시 강서구 내발산동 696,37.55168793,126.83259587,서울시 재활용의류 협동조합,2024-04-18
528,발산1동,발1-13,서울특별시 강서구 강서로47라길 38,서울특별시 강서구 내발산동 695-5,37.55140367,126.83246807,서울시 재활용의류 협동조합,2024-04-18
529,발산1동,발1-14,서울특별시 강서구 강서로47다길 32-11,서울특별시 강서구 내발산동 710-44,37.55137681,126.83335728,서울시 재활용의류 협동조합,2024-04-18
530,발산1동,발1-15,서울특별시 강서구 강서로47다길 42-5,서울특별시 강서구 내발산동 710-37,37.55087170,126.83366757,서울시 재활용의류 협동조합,2024-04-18
531,발산1동,발1-16,서울특별시 강서구 강서로45라길 65-13,서울특별시 강서구 내발산동 709-26,37.55075492,126.83430190,서울시 재활용의류 협동조합,2024-04-18
532,발산1동,발1-17,서울특별시 강서구 강서로45라길 55-17,서울특별시 강서구 내발산동 716-6,37.55024700,126.83414924,서울시 재활용의류 협동조합,2024-04-18
533,발산1동,발1-18,서울특별시 강서구 강서로45라길 55-20,서울특별시 강서구 내발산동 724-55,37.55047799,126.83343069,서울시 재활용의류 협동조합,2024-04-18
534,발산1동,발1-19,서울특별시 강서구 강서로47라길 68,서울특별시 강서구 내발산동 711-18,37.55018954,126.83301884,서울시 재활용의류 협동조합,2024-04-18
535,발산1동,발1-20,서울특별시 강서구 강서로47길 57,서울특별시 강서구 내발산동 698,37.55281130,126.83291895,서울시 재활용의류 협동조합,2024-04-18
536,발산1동,발1-21,서울특별시 강서구 강서로47다길 10-15,서울특별시 강서구 내발산동 697-1,37.55229360,126.83337482,서울시 재활용의류 협동조합,2024-04-18
537,발산1동,발1-22,서울특별시 강서구 강서로47다길 10-6,서울특별시 강서구 내발산동 698-11,37.55245152,126.83392718,서울시 재활용의류 협동조합,2024-04-18
538,발산1동,발1-23,서울특별시 강서구 강서로47다길 21,서울특별시 강서구 내발산동 709,37.55178368,126.83430064,서울시 재활용의류 협동조합,2024-04-18
539,발산1동,발1-24,서울특별시 강서구 강서로47길 25-9,서울특별시 강서구 내발산동 699-16,37.55231296,126.83471163,서울시 재활용의류 협동조합,2024-04-18
540,발산1동,발1-25,서울특별시 강서구 강서로47가길 24,서울특별시 강서구 내발산동 708-1,37.55157846,126.83534801,서울시 재활용의류 협동조합,2024-04-18
541,발산1동,발1-26,서울특별시 강서구 공항대로36길 115,서울특별시 강서구 내발산동 678-24,37.55349142,126.83590830,서울시 재활용의류 협동조합,2024-04-18
542,발산1동,발1-27,서울특별시 강서구 공항대로36가길 15,서울특별시 강서구 내발산동 680-3,37.55303250,126.83483996,서울시 재활용의류 협동조합,2024-04-18
543,발산1동,발1-28,서울특별시 강서구 공항대로36가길 32,서울특별시 강서구 내발산동 682-12,37.55335007,126.83391794,서울시 재활용의류 협동조합,2024-04-18
544,발산1동,발1-29,서울특별시 강서구 공항대로36가길 55,서울특별시 강서구 내발산동 686-4,37.55333616,126.83249000,서울시 재활용의류 협동조합,2024-04-18
545,발산1동,발1-30,서울특별시 강서구 공항대로36가길 42-5,서울특별시 강서구 내발산동 682-4,37.55363258,126.83305892,서울시 재활용의류 협동조합,2024-04-18
546,방화1동,방1-01,서울특별시 강서구 방화대로42길 30-3,서울특별시 강서구 방화동 182-44,37.57174751,126.81867802,서울시 재활용의류 협동조합,2024-04-18
547,방화1동,방1-02,서울특별시 강서구 남부순환로19길 48-4,서울특별시 강서구 외발산동 228-12,37.54654865,126.82393107,서울시 재활용의류 협동조합,2024-04-18
548,방화1동,방1-03,서울특별시 강서구 남부순환로19길 16,서울특별시 강서구 외발산동 217-13,37.54638525,126.82232900,서울시 재활용의류 협동조합,2024-04-18
549,방화1동,방1-04,서울특별시 강서구 남부순환로19길 87,서울특별시 강서구 외발산동 216-57,37.54700197,126.82394935,서울시 재활용의류 협동조합,2024-04-18
550,방화1동,방1-05,서울특별시 강서구 남부순환로19길 91,서울특별시 강서구 외발산동 216-56,37.54693415,126.82378339,서울시 재활용의류 협동조합,2024-04-18
551,방화1동,방1-06,서울특별시 강서구 남부순환로19길 128,서울특별시 강서구 외발산동 216-96,37.54703846,126.82172815,서울시 재활용의류 협동조합,2024-04-18
552,방화1동,방1-07,서울특별시 강서구 양천로24길 124,서울특별시 강서구 방화동 247-226,37.56769797,126.81512490,서울시 재활용의류 협동조합,2024-04-18
553,방화1동,방1-08,서울특별시 강서구 초원로 81,서울특별시 강서구 방화동 247-95,37.56768419,126.81455320,서울시 재활용의류 협동조합,2024-04-18
554,방화1동,방1-09,서울특별시 강서구 초원로 73,서울특별시 강서구 방화동 249-322,37.56767848,126.81355803,서울시 재활용의류 협동조합,2024-04-18
555,방화1동,방1-10,서울특별시 강서구 금낭화로 32,서울특별시 강서구 방화동 597-38,37.56815230,126.81195926,서울시 재활용의류 협동조합,2024-04-18
556,방화1동,방1-11,서울특별시 강서구 금낭화로 36-10,서울특별시 강서구 방화동 597-29,37.56838605,126.81231568,서울시 재활용의류 협동조합,2024-04-18
557,방화1동,방1-12,서울특별시 강서구 방화동로 92-12,서울특별시 강서구 방화동 249-248,37.56840364,126.81335259,서울시 재활용의류 협동조합,2024-04-18
558,방화1동,방1-13,서울특별시 강서구 양천로28길 11,서울특별시 강서구 방화동 175-12,37.57269039,126.82061959,서울시 재활용의류 협동조합,2024-04-18
559,방화1동,방1-14,서울특별시 강서구 양천로22길 12,서울특별시 강서구 방화동 574-51,37.57282084,126.81425769,서울시 재활용의류 협동조합,2024-04-18
560,방화1동,방1-15,서울특별시 강서구 방화대로40길 46,서울특별시 강서구 방화동 184-79,37.57106070,126.81940041,서울시 재활용의류 협동조합,2024-04-18
561,방화1동,방1-16,서울특별시 강서구 양천로20가길 13,서울특별시 강서구 방화동 574-18,37.57303550,126.81411498,서울시 재활용의류 협동조합,2024-04-18
562,방화1동,방1-17,서울특별시 강서구 양천로24가길 43,서울특별시 강서구 방화동 266-11,37.57183455,126.81398971,서울시 재활용의류 협동조합,2024-04-18
563,방화1동,방1-18,서울특별시 강서구 양천로24길 43,서울특별시 강서구 방화동 268-6,37.57135328,126.81556933,서울시 재활용의류 협동조합,2024-04-18
564,방화1동,방1-19,서울특별시 강서구 양천로24길 56,서울특별시 강서구 방화동 260-9,37.57077488,126.81530339,서울시 재활용의류 협동조합,2024-04-18
565,방화1동,방1-20,서울특별시 강서구 방화대로34길 59,서울특별시 강서구 방화동 186-31,37.57045517,126.81976670,서울시 재활용의류 협동조합,2024-04-18
566,방화1동,방1-21,서울특별시 강서구 양천로30길 42,서울특별시 강서구 방화동 197-1,37.57133800,126.82246806,서울시 재활용의류 협동조합,2024-04-18
567,방화1동,방1-22,서울특별시 강서구 방화대로33길 47,서울특별시 강서구 방화동 249-15,37.56811778,126.81383007,서울시 재활용의류 협동조합,2024-04-18
568,방화1동,방1-23,서울특별시 강서구 방화동로14길 35,서울특별시 강서구 방화동 250-41,37.56926731,126.81477046,서울시 재활용의류 협동조합,2024-04-18
569,방화1동,방1-24,서울특별시 강서구 방화대로41길 9,서울특별시 강서구 방화동 894,37.57136417,126.81619404,서울시 재활용의류 협동조합,2024-04-18
570,방화2동,방2-01,서울특별시 강서구 개화동로7길 24,서울특별시 강서구 개화동 452-101,37.58023112,126.80065185,서울시 재활용의류 협동조합,2024-04-18
571,방화2동,방2-02,서울특별시 강서구 개화동로13길 31,서울특별시 강서구 개화동 463-55,37.57848460,126.80229361,서울시 재활용의류 협동조합,2024-04-18
572,방화2동,방2-03,서울특별시 강서구 개화동로9길 9,서울특별시 강서구 개화동 450-2,37.57911008,126.80048118,서울시 재활용의류 협동조합,2024-04-18
573,방화2동,방2-04,서울특별시 강서구 개화동로13길 12-3,서울특별시 강서구 개화동 474-73,37.57780829,126.80163653,서울시 재활용의류 협동조합,2024-04-18
574,방화2동,방2-05,서울특별시 강서구 양천로14가길 18,서울특별시 강서구 방화동 557-21,37.57233883,126.80913178,서울시 재활용의류 협동조합,2024-04-18
575,방화2동,방2-06,서울특별시 강서구 금낭화로13길 37,서울특별시 강서구 방화동 555-10,37.57148788,126.80971647,서울시 재활용의류 협동조합,2024-04-18
576,방화2동,방2-07,서울특별시 강서구 양천로14나길 7,서울특별시 강서구 방화동 553-22,37.57071903,126.80897257,서울시 재활용의류 협동조합,2024-04-18
577,방화2동,방2-08,서울특별시 강서구 금낭화로11길 24,서울특별시 강서구 방화동 593-88,37.57055215,126.81030384,서울시 재활용의류 협동조합,2024-04-18
578,방화2동,방2-09,서울특별시 강서구 금낭화로11길 31-24,서울특별시 강서구 방화동 593-66,37.57000534,126.81092237,서울시 재활용의류 협동조합,2024-04-18
579,방화2동,방2-10,서울특별시 강서구 금낭화로11길 48,서울특별시 강서구 방화동 583-37,37.56950854,126.81002633,서울시 재활용의류 협동조합,2024-04-18
580,방화2동,방2-11,서울특별시 강서구 금낭화로11길 64,서울특별시 강서구 방화동 592-2,37.56883021,126.81043929,서울시 재활용의류 협동조합,2024-04-18
581,방화2동,방2-12,서울특별시 강서구 금낭화로7길 28,서울특별시 강서구 방화동 592-35,37.56875489,126.81032900,서울시 재활용의류 협동조합,2024-04-18
582,방화2동,방2-13,서울특별시 강서구 양천로14길 99,서울특별시 강서구 방화동 584-1,37.56872041,126.80894700,서울시 재활용의류 협동조합,2024-04-18
583,방화2동,방2-14,서울특별시 강서구 양천로14길 85-2,서울특별시 강서구 방화동 581-2,37.56919531,126.80888455,서울시 재활용의류 협동조합,2024-04-18
584,방화2동,방2-15,서울특별시 강서구 금낭화로5길 28,서울특별시 강서구 방화동 604-7,37.56646149,126.81054512,서울시 재활용의류 협동조합,2024-04-18
585,방화2동,방2-16,서울특별시 강서구 초원로12길 14,서울특별시 강서구 방화동 603-3,37.56711092,126.81093897,서울시 재활용의류 협동조합,2024-04-18
586,방화2동,방2-17,서울특별시 강서구 개화길 52,서울특별시 강서구 개화동 230-11,37.58678683,126.80156278,서울시 재활용의류 협동조합,2024-04-18
587,방화2동,방2-18,서울특별시 강서구 초원로2길 10,서울특별시 강서구 방화동 648-33,37.56731194,126.80644024,서울시 재활용의류 협동조합,2024-04-18
588,방화2동,방2-19,서울특별시 강서구 초원로4길 9,서울특별시 강서구 방화동 648-48,37.56735313,126.80705069,서울시 재활용의류 협동조합,2024-04-18
589,방화2동,방2-20,서울특별시 강서구 개화동로23길 12-15,서울특별시 강서구 방화동 645-27,37.56616274,126.80634067,서울시 재활용의류 협동조합,2024-04-18
590,방화2동,방2-21,서울특별시 강서구 개화동로25길 19,서울특별시 강서구 방화동 645-43,37.56610958,126.80705345,서울시 재활용의류 협동조합,2024-04-18
591,방화2동,방2-22,서울특별시 강서구 개화동로25길 41,서울특별시 강서구 방화동 615-59,37.56566153,126.80827783,서울시 재활용의류 협동조합,2024-04-18
592,방화2동,방2-23,서울특별시 강서구 개화동로25길 61,서울특별시 강서구 방화동 615-20,37.56517998,126.80924365,서울시 재활용의류 협동조합,2024-04-18
593,방화2동,방2-24,서울특별시 강서구 개화동로27길 35,서울특별시 강서구 방화동 614-203,37.56450860,126.80860416,서울시 재활용의류 협동조합,2024-04-18
594,방화2동,방2-25,서울특별시 강서구 개화동로27길 13,서울특별시 강서구 방화동 616-20,37.56443212,126.80733791,서울시 재활용의류 협동조합,2024-04-18
595,방화2동,방2-26,서울특별시 강서구 개화동로27나길 28,서울특별시 강서구 방화동 617-11,37.56523942,126.80751150,서울시 재활용의류 협동조합,2024-04-18
596,방화2동,방1-25,서울특별시 강서구 양천로 91-47,서울특별시 강서구 방화동 289-1,37.57416665,126.81385498,서울시 재활용의류 협동조합,2024-04-18
597,방화2동,방1-26,서울특별시 강서구 방화대로45길 64,서울특별시 강서구 방화동 448-49,37.57447400,126.81307119,서울시 재활용의류 협동조합,2024-04-18
598,방화2동,방2-29,서울특별시 강서구 금낭화로15길 23,서울특별시 강서구 방화동 482-3,37.57464800,126.81070766,서울시 재활용의류 협동조합,2024-04-18
599,방화2동,방2-30,서울특별시 강서구 양천로11길 31,서울특별시 강서구 방화동 486-44,37.57456914,126.80963255,서울시 재활용의류 협동조합,2024-04-18
600,방화2동,방2-31,서울특별시 강서구 양천로1길 96,서울특별시 강서구 방화동 486-10,37.57408379,126.80902692,서울시 재활용의류 협동조합,2024-04-18
601,방화2동,방2-32,서울특별시 강서구 양천로7길 22,서울특별시 강서구 방화동 486-16,37.57385503,126.80802601,서울시 재활용의류 협동조합,2024-04-18
602,방화2동,방2-33,서울특별시 강서구 양천로7길 15-4,서울특별시 강서구 방화동 493-12,37.57378836,126.80758685,서울시 재활용의류 협동조합,2024-04-18
603,방화2동,방2-34,서울특별시 강서구 양천로3길 14,서울특별시 강서구 방화동 495-45,37.57325532,126.80675348,서울시 재활용의류 협동조합,2024-04-18
604,방화2동,방2-35,서울특별시 강서구 양천로3길 29,서울특별시 강서구 방화동 497-13,37.57401697,126.80677642,서울시 재활용의류 협동조합,2024-04-18
605,방화2동,방2-36,서울특별시 강서구 양천로1길 54,서울특별시 강서구 방화동 497-19,37.57414612,126.80668915,서울시 재활용의류 협동조합,2024-04-18
606,방화2동,방2-37,서울특별시 강서구 양천로1길 37,서울특별시 강서구 방화동 501-6,37.57406321,126.80574334,서울시 재활용의류 협동조합,2024-04-18
607,방화3동,방3-01,서울특별시 강서구 금낭화로17길 22,서울특별시 강서구 방화동 811-4,37.57533710,126.81043944,서울시 재활용의류 협동조합,2024-04-18
608,방화3동,방3-02,서울특별시 강서구 금낭화로 115,서울특별시 강서구 방화동 811-13,37.57566213,126.81170480,서울시 재활용의류 협동조합,2024-04-18
609,방화3동,방3-03,서울특별시 강서구 금낭화로19길 27,서울특별시 강서구 방화동 812,37.57584849,126.81054534,서울시 재활용의류 협동조합,2024-04-18
610,방화3동,방3-04,서울특별시 강서구 금낭화로19길 35,서울특별시 강서구 방화동 811,37.57568933,126.81023693,서울시 재활용의류 협동조합,2024-04-18
611,방화3동,방3-05,서울특별시 강서구 금낭화로 274-18,서울특별시 강서구 방화동 809-5,37.57592270,126.80962888,서울시 재활용의류 협동조합,2024-04-18
612,방화3동,방3-06,서울특별시 강서구 금낭화로 284,서울특별시 강서구 방화동 813-5,37.57604980,126.81100954,서울시 재활용의류 협동조합,2024-04-18
613,방화3동,방3-07,서울특별시 강서구 금낭화로24길 29-4,서울특별시 강서구 방화동 826-1,37.57843607,126.81498390,서울시 재활용의류 협동조합,2024-04-18
614,방화3동,방3-08,서울특별시 강서구 방화대로49길 44-2,서울특별시 강서구 방화동 328-1,37.57769492,126.81493388,서울시 재활용의류 협동조합,2024-04-18
615,방화3동,방3-09,서울특별시 강서구 방화대로49길 6-3,서울특별시 강서구 방화동 323-11,37.57717100,126.81608841,서울시 재활용의류 협동조합,2024-04-18
616,방화3동,방3-10,서울특별시 강서구 방화대로49길 6-15,서울특별시 강서구 방화동 319-6,37.57778313,126.81626249,서울시 재활용의류 협동조합,2024-04-18
617,방화3동,방3-11,서울특별시 강서구 금낭화로24길 45,서울특별시 강서구 방화동 329-14,37.57840658,126.81572062,서울시 재활용의류 협동조합,2024-04-18
618,방화3동,방3-12,서울특별시 강서구 금낭화로24가길 19,서울특별시 강서구 방화동 357-2,37.57889684,126.81516174,서울시 재활용의류 협동조합,2024-04-18
619,방화3동,방3-13,서울특별시 강서구 방화대로50길 13,서울특별시 강서구 방화동 312-5,37.57678763,126.81777544,서울시 재활용의류 협동조합,2024-04-18
620,방화3동,방3-14,서울특별시 강서구 방화대로52길 22,서울특별시 강서구 방화동 133-6,37.57748230,126.81807069,서울시 재활용의류 협동조합,2024-04-18
621,방화3동,방3-15,서울특별시 강서구 방화대로52가길 32,서울특별시 강서구 방화동 128-5,37.57894265,126.81867303,서울시 재활용의류 협동조합,2024-04-18
622,방화3동,방3-16,서울특별시 강서구 방화대로52길 40,서울특별시 강서구 방화동 141,37.57789850,126.81903374,서울시 재활용의류 협동조합,2024-04-18
623,방화3동,방3-17,서울특별시 강서구 양천로27길 95,서울특별시 강서구 방화동 140-2,37.57751364,126.81911788,서울시 재활용의류 협동조합,2024-04-18
